
 ⛅️ wrangler 4.125.0 (update available 4.143.0)
───────────────────────────────────────────────
Resource location: local

Use --remote if you want to access the remote instance.

Migrations to be applied:
┌─────────────────────────────┐
│ name                        │
├─────────────────────────────┤
│ 0001_foundation.sql         │
├─────────────────────────────┤
│ 0002_admin_security.sql     │
├─────────────────────────────┤
│ 0003_cf_i07_rework.sql      │
├─────────────────────────────┤
│ 0004_migration_manifest.sql │
├─────────────────────────────┤
│ 0005_hotel_timezone.sql     │
└─────────────────────────────┘
? About to apply 5 migration(s)
Your database may not be available to serve requests during the migration, continue?
🤖 Using fallback value in non-interactive context: yes
🌀 Executing on local database CONTROL_DB (00000000-0000-0000-0000-000000000001) from ../../../../../tmp/tmp.3J9jDuCSfk/state/v3/d1:
🌀 To execute on your remote database, add a --remote flag to your wrangler command.
🚣 6 commands executed successfully.
┌─────────────────────────────┬────────┐
│ name                        │ status │
├─────────────────────────────┼────────┤
│ 0001_foundation.sql         │ ✅     │
├─────────────────────────────┼────────┤
│ 0002_admin_security.sql     │ 🕒️    │
├─────────────────────────────┼────────┤
│ 0003_cf_i07_rework.sql      │ 🕒️    │
├─────────────────────────────┼────────┤
│ 0004_migration_manifest.sql │ 🕒️    │
├─────────────────────────────┼────────┤
│ 0005_hotel_timezone.sql     │ 🕒️    │
└─────────────────────────────┴────────┘
🌀 Executing on local database CONTROL_DB (00000000-0000-0000-0000-000000000001) from ../../../../../tmp/tmp.3J9jDuCSfk/state/v3/d1:
🌀 To execute on your remote database, add a --remote flag to your wrangler command.
🚣 6 commands executed successfully.
┌─────────────────────────────┬────────┐
│ name                        │ status │
├─────────────────────────────┼────────┤
│ 0001_foundation.sql         │ ✅     │
├─────────────────────────────┼────────┤
│ 0002_admin_security.sql     │ ✅     │
├─────────────────────────────┼────────┤
│ 0003_cf_i07_rework.sql      │ 🕒️    │
├─────────────────────────────┼────────┤
│ 0004_migration_manifest.sql │ 🕒️    │
├─────────────────────────────┼────────┤
│ 0005_hotel_timezone.sql     │ 🕒️    │
└─────────────────────────────┴────────┘
🌀 Executing on local database CONTROL_DB (00000000-0000-0000-0000-000000000001) from ../../../../../tmp/tmp.3J9jDuCSfk/state/v3/d1:
🌀 To execute on your remote database, add a --remote flag to your wrangler command.
🚣 6 commands executed successfully.
┌─────────────────────────────┬────────┐
│ name                        │ status │
├─────────────────────────────┼────────┤
│ 0001_foundation.sql         │ ✅     │
├─────────────────────────────┼────────┤
│ 0002_admin_security.sql     │ ✅     │
├─────────────────────────────┼────────┤
│ 0003_cf_i07_rework.sql      │ ✅     │
├─────────────────────────────┼────────┤
│ 0004_migration_manifest.sql │ 🕒️    │
├─────────────────────────────┼────────┤
│ 0005_hotel_timezone.sql     │ 🕒️    │
└─────────────────────────────┴────────┘
🌀 Executing on local database CONTROL_DB (00000000-0000-0000-0000-000000000001) from ../../../../../tmp/tmp.3J9jDuCSfk/state/v3/d1:
🌀 To execute on your remote database, add a --remote flag to your wrangler command.
🚣 3 commands executed successfully.
┌─────────────────────────────┬────────┐
│ name                        │ status │
├─────────────────────────────┼────────┤
│ 0001_foundation.sql         │ ✅     │
├─────────────────────────────┼────────┤
│ 0002_admin_security.sql     │ ✅     │
├─────────────────────────────┼────────┤
│ 0003_cf_i07_rework.sql      │ ✅     │
├─────────────────────────────┼────────┤
│ 0004_migration_manifest.sql │ ✅     │
├─────────────────────────────┼────────┤
│ 0005_hotel_timezone.sql     │ 🕒️    │
└─────────────────────────────┴────────┘
🌀 Executing on local database CONTROL_DB (00000000-0000-0000-0000-000000000001) from ../../../../../tmp/tmp.3J9jDuCSfk/state/v3/d1:
🌀 To execute on your remote database, add a --remote flag to your wrangler command.
🚣 4 commands executed successfully.
┌─────────────────────────────┬────────┐
│ name                        │ status │
├─────────────────────────────┼────────┤
│ 0001_foundation.sql         │ ✅     │
├─────────────────────────────┼────────┤
│ 0002_admin_security.sql     │ ✅     │
├─────────────────────────────┼────────┤
│ 0003_cf_i07_rework.sql      │ ✅     │
├─────────────────────────────┼────────┤
│ 0004_migration_manifest.sql │ ✅     │
├─────────────────────────────┼────────┤
│ 0005_hotel_timezone.sql     │ ✅     │
└─────────────────────────────┴────────┘

 ⛅️ wrangler 4.125.0 (update available 4.143.0)
───────────────────────────────────────────────
Resource location: local

Use --remote if you want to access the remote instance.

Migrations to be applied:
┌───────────────────────────────────────────────────────┐
│ name                                                  │
├───────────────────────────────────────────────────────┤
│ 0001_foundation.sql                                   │
├───────────────────────────────────────────────────────┤
│ 0002_rooms_guests_holds.sql                           │
├───────────────────────────────────────────────────────┤
│ 0003_bookings.sql                                     │
├───────────────────────────────────────────────────────┤
│ 0004_booking_claim_fk.sql                             │
├───────────────────────────────────────────────────────┤
│ 0005_reception_lifecycle.sql                          │
├───────────────────────────────────────────────────────┤
│ 0006_lifecycle_transition_guards.sql                  │
├───────────────────────────────────────────────────────┤
│ 0007_lifecycle_atomic_guards.sql                      │
├───────────────────────────────────────────────────────┤
│ 0008_lifecycle_domain_parity.sql                      │
├───────────────────────────────────────────────────────┤
│ 0009_housekeeping_maintenance.sql                     │
├───────────────────────────────────────────────────────┤
│ 0010_billing.sql                                      │
├───────────────────────────────────────────────────────┤
│ 0011_cash_closure_audit.sql                           │
├───────────────────────────────────────────────────────┤
│ 0012_cash_closure_operation_token.sql                 │
├───────────────────────────────────────────────────────┤
│ 0013_noshow_reporting_parity.sql                      │
├───────────────────────────────────────────────────────┤
│ 0014_migration_source_parity.sql                      │
├───────────────────────────────────────────────────────┤
│ 0015_payment_operation_token.sql                      │
├───────────────────────────────────────────────────────┤
│ 0016_payment_operation_token_scope.sql                │
├───────────────────────────────────────────────────────┤
│ 0017_reporting_indexes.sql                            │
├───────────────────────────────────────────────────────┤
│ 0018_agent_mutation_provenance.sql                    │
├───────────────────────────────────────────────────────┤
│ 0019_billing_reconciliation.sql                       │
├───────────────────────────────────────────────────────┤
│ 0020_maintenance_impact.sql                           │
├───────────────────────────────────────────────────────┤
│ 0021_reassignment_remaining_nights.sql                │
├───────────────────────────────────────────────────────┤
│ 0022_room_state_dimensions.sql                        │
├───────────────────────────────────────────────────────┤
│ 0023_room_state_command_guards.sql                    │
├───────────────────────────────────────────────────────┤
│ 0024_reassignment_interval_room_versions.sql          │
├───────────────────────────────────────────────────────┤
│ 0025_segmented_stay_pricing.sql                       │
├───────────────────────────────────────────────────────┤
│ 0026_active_stay_pricing_bootstrap_shadow.sql         │
├───────────────────────────────────────────────────────┤
│ 0027_active_stay_bootstrap_segment_snapshot_guard.sql │
├───────────────────────────────────────────────────────┤
│ 0028_checkout_settlement_guard.sql                    │
├───────────────────────────────────────────────────────┤
│ 0029_reservation_creation_recovery.sql                │
├───────────────────────────────────────────────────────┤
│ 0030_extra_charge_operation_identity.sql              │
└───────────────────────────────────────────────────────┘
? About to apply 30 migration(s)
Your database may not be available to serve requests during the migration, continue?
🤖 Using fallback value in non-interactive context: yes
🌀 Executing on local database HOTEL_DEMO_DB (00000000-0000-0000-0000-000000000002) from ../../../../../tmp/tmp.3J9jDuCSfk/state/v3/d1:
🌀 To execute on your remote database, add a --remote flag to your wrangler command.
🚣 4 commands executed successfully.
┌───────────────────────────────────────────────────────┬────────┐
│ name                                                  │ status │
├───────────────────────────────────────────────────────┼────────┤
│ 0001_foundation.sql                                   │ ✅     │
├───────────────────────────────────────────────────────┼────────┤
│ 0002_rooms_guests_holds.sql                           │ 🕒️    │
├───────────────────────────────────────────────────────┼────────┤
│ 0003_bookings.sql                                     │ 🕒️    │
├───────────────────────────────────────────────────────┼────────┤
│ 0004_booking_claim_fk.sql                             │ 🕒️    │
├───────────────────────────────────────────────────────┼────────┤
│ 0005_reception_lifecycle.sql                          │ 🕒️    │
├───────────────────────────────────────────────────────┼────────┤
│ 0006_lifecycle_transition_guards.sql                  │ 🕒️    │
├───────────────────────────────────────────────────────┼────────┤
│ 0007_lifecycle_atomic_guards.sql                      │ 🕒️    │
├───────────────────────────────────────────────────────┼────────┤
│ 0008_lifecycle_domain_parity.sql                      │ 🕒️    │
├───────────────────────────────────────────────────────┼────────┤
│ 0009_housekeeping_maintenance.sql                     │ 🕒️    │
├───────────────────────────────────────────────────────┼────────┤
│ 0010_billing.sql                                      │ 🕒️    │
├───────────────────────────────────────────────────────┼────────┤
│ 0011_cash_closure_audit.sql                           │ 🕒️    │
├───────────────────────────────────────────────────────┼────────┤
│ 0012_cash_closure_operation_token.sql                 │ 🕒️    │
├───────────────────────────────────────────────────────┼────────┤
│ 0013_noshow_reporting_parity.sql                      │ 🕒️    │
├───────────────────────────────────────────────────────┼────────┤
│ 0014_migration_source_parity.sql                      │ 🕒️    │
├───────────────────────────────────────────────────────┼────────┤
│ 0015_payment_operation_token.sql                      │ 🕒️    │
├───────────────────────────────────────────────────────┼────────┤
│ 0016_payment_operation_token_scope.sql                │ 🕒️    │
├───────────────────────────────────────────────────────┼────────┤
│ 0017_reporting_indexes.sql                            │ 🕒️    │
├───────────────────────────────────────────────────────┼────────┤
│ 0018_agent_mutation_provenance.sql                    │ 🕒️    │
├───────────────────────────────────────────────────────┼────────┤
│ 0019_billing_reconciliation.sql                       │ 🕒️    │
├───────────────────────────────────────────────────────┼────────┤
│ 0020_maintenance_impact.sql                           │ 🕒️    │
├───────────────────────────────────────────────────────┼────────┤
│ 0021_reassignment_remaining_nights.sql                │ 🕒️    │
├───────────────────────────────────────────────────────┼────────┤
│ 0022_room_state_dimensions.sql                        │ 🕒️    │
├───────────────────────────────────────────────────────┼────────┤
│ 0023_room_state_command_guards.sql                    │ 🕒️    │
├───────────────────────────────────────────────────────┼────────┤
│ 0024_reassignment_interval_room_versions.sql          │ 🕒️    │
├───────────────────────────────────────────────────────┼────────┤
│ 0025_segmented_stay_pricing.sql                       │ 🕒️    │
├───────────────────────────────────────────────────────┼────────┤
│ 0026_active_stay_pricing_bootstrap_shadow.sql         │ 🕒️    │
├───────────────────────────────────────────────────────┼────────┤
│ 0027_active_stay_bootstrap_segment_snapshot_guard.sql │ 🕒️    │
├───────────────────────────────────────────────────────┼────────┤
│ 0028_checkout_settlement_guard.sql                    │ 🕒️    │
├───────────────────────────────────────────────────────┼────────┤
│ 0029_reservation_creation_recovery.sql                │ 🕒️    │
├───────────────────────────────────────────────────────┼────────┤
│ 0030_extra_charge_operation_identity.sql              │ 🕒️    │
└───────────────────────────────────────────────────────┴────────┘
🌀 Executing on local database HOTEL_DEMO_DB (00000000-0000-0000-0000-000000000002) from ../../../../../tmp/tmp.3J9jDuCSfk/state/v3/d1:
🌀 To execute on your remote database, add a --remote flag to your wrangler command.
🚣 6 commands executed successfully.
┌───────────────────────────────────────────────────────┬────────┐
│ name                                                  │ status │
├───────────────────────────────────────────────────────┼────────┤
│ 0001_foundation.sql                                   │ ✅     │
├───────────────────────────────────────────────────────┼────────┤
│ 0002_rooms_guests_holds.sql                           │ ✅     │
├───────────────────────────────────────────────────────┼────────┤
│ 0003_bookings.sql                                     │ 🕒️    │
├───────────────────────────────────────────────────────┼────────┤
│ 0004_booking_claim_fk.sql                             │ 🕒️    │
├───────────────────────────────────────────────────────┼────────┤
│ 0005_reception_lifecycle.sql                          │ 🕒️    │
├───────────────────────────────────────────────────────┼────────┤
│ 0006_lifecycle_transition_guards.sql                  │ 🕒️    │
├───────────────────────────────────────────────────────┼────────┤
│ 0007_lifecycle_atomic_guards.sql                      │ 🕒️    │
├───────────────────────────────────────────────────────┼────────┤
│ 0008_lifecycle_domain_parity.sql                      │ 🕒️    │
├───────────────────────────────────────────────────────┼────────┤
│ 0009_housekeeping_maintenance.sql                     │ 🕒️    │
├───────────────────────────────────────────────────────┼────────┤
│ 0010_billing.sql                                      │ 🕒️    │
├───────────────────────────────────────────────────────┼────────┤
│ 0011_cash_closure_audit.sql                           │ 🕒️    │
├───────────────────────────────────────────────────────┼────────┤
│ 0012_cash_closure_operation_token.sql                 │ 🕒️    │
├───────────────────────────────────────────────────────┼────────┤
│ 0013_noshow_reporting_parity.sql                      │ 🕒️    │
├───────────────────────────────────────────────────────┼────────┤
│ 0014_migration_source_parity.sql                      │ 🕒️    │
├───────────────────────────────────────────────────────┼────────┤
│ 0015_payment_operation_token.sql                      │ 🕒️    │
├───────────────────────────────────────────────────────┼────────┤
│ 0016_payment_operation_token_scope.sql                │ 🕒️    │
├───────────────────────────────────────────────────────┼────────┤
│ 0017_reporting_indexes.sql                            │ 🕒️    │
├───────────────────────────────────────────────────────┼────────┤
│ 0018_agent_mutation_provenance.sql                    │ 🕒️    │
├───────────────────────────────────────────────────────┼────────┤
│ 0019_billing_reconciliation.sql                       │ 🕒️    │
├───────────────────────────────────────────────────────┼────────┤
│ 0020_maintenance_impact.sql                           │ 🕒️    │
├───────────────────────────────────────────────────────┼────────┤
│ 0021_reassignment_remaining_nights.sql                │ 🕒️    │
├───────────────────────────────────────────────────────┼────────┤
│ 0022_room_state_dimensions.sql                        │ 🕒️    │
├───────────────────────────────────────────────────────┼────────┤
│ 0023_room_state_command_guards.sql                    │ 🕒️    │
├───────────────────────────────────────────────────────┼────────┤
│ 0024_reassignment_interval_room_versions.sql          │ 🕒️    │
├───────────────────────────────────────────────────────┼────────┤
│ 0025_segmented_stay_pricing.sql                       │ 🕒️    │
├───────────────────────────────────────────────────────┼────────┤
│ 0026_active_stay_pricing_bootstrap_shadow.sql         │ 🕒️    │
├───────────────────────────────────────────────────────┼────────┤
│ 0027_active_stay_bootstrap_segment_snapshot_guard.sql │ 🕒️    │
├───────────────────────────────────────────────────────┼────────┤
│ 0028_checkout_settlement_guard.sql                    │ 🕒️    │
├───────────────────────────────────────────────────────┼────────┤
│ 0029_reservation_creation_recovery.sql                │ 🕒️    │
├───────────────────────────────────────────────────────┼────────┤
│ 0030_extra_charge_operation_identity.sql              │ 🕒️    │
└───────────────────────────────────────────────────────┴────────┘
🌀 Executing on local database HOTEL_DEMO_DB (00000000-0000-0000-0000-000000000002) from ../../../../../tmp/tmp.3J9jDuCSfk/state/v3/d1:
🌀 To execute on your remote database, add a --remote flag to your wrangler command.
🚣 8 commands executed successfully.
┌───────────────────────────────────────────────────────┬────────┐
│ name                                                  │ status │
├───────────────────────────────────────────────────────┼────────┤
│ 0001_foundation.sql                                   │ ✅     │
├───────────────────────────────────────────────────────┼────────┤
│ 0002_rooms_guests_holds.sql                           │ ✅     │
├───────────────────────────────────────────────────────┼────────┤
│ 0003_bookings.sql                                     │ ✅     │
├───────────────────────────────────────────────────────┼────────┤
│ 0004_booking_claim_fk.sql                             │ 🕒️    │
├───────────────────────────────────────────────────────┼────────┤
│ 0005_reception_lifecycle.sql                          │ 🕒️    │
├───────────────────────────────────────────────────────┼────────┤
│ 0006_lifecycle_transition_guards.sql                  │ 🕒️    │
├───────────────────────────────────────────────────────┼────────┤
│ 0007_lifecycle_atomic_guards.sql                      │ 🕒️    │
├───────────────────────────────────────────────────────┼────────┤
│ 0008_lifecycle_domain_parity.sql                      │ 🕒️    │
├───────────────────────────────────────────────────────┼────────┤
│ 0009_housekeeping_maintenance.sql                     │ 🕒️    │
├───────────────────────────────────────────────────────┼────────┤
│ 0010_billing.sql                                      │ 🕒️    │
├───────────────────────────────────────────────────────┼────────┤
│ 0011_cash_closure_audit.sql                           │ 🕒️    │
├───────────────────────────────────────────────────────┼────────┤
│ 0012_cash_closure_operation_token.sql                 │ 🕒️    │
├───────────────────────────────────────────────────────┼────────┤
│ 0013_noshow_reporting_parity.sql                      │ 🕒️    │
├───────────────────────────────────────────────────────┼────────┤
│ 0014_migration_source_parity.sql                      │ 🕒️    │
├───────────────────────────────────────────────────────┼────────┤
│ 0015_payment_operation_token.sql                      │ 🕒️    │
├───────────────────────────────────────────────────────┼────────┤
│ 0016_payment_operation_token_scope.sql                │ 🕒️    │
├───────────────────────────────────────────────────────┼────────┤
│ 0017_reporting_indexes.sql                            │ 🕒️    │
├───────────────────────────────────────────────────────┼────────┤
│ 0018_agent_mutation_provenance.sql                    │ 🕒️    │
├───────────────────────────────────────────────────────┼────────┤
│ 0019_billing_reconciliation.sql                       │ 🕒️    │
├───────────────────────────────────────────────────────┼────────┤
│ 0020_maintenance_impact.sql                           │ 🕒️    │
├───────────────────────────────────────────────────────┼────────┤
│ 0021_reassignment_remaining_nights.sql                │ 🕒️    │
├───────────────────────────────────────────────────────┼────────┤
│ 0022_room_state_dimensions.sql                        │ 🕒️    │
├───────────────────────────────────────────────────────┼────────┤
│ 0023_room_state_command_guards.sql                    │ 🕒️    │
├───────────────────────────────────────────────────────┼────────┤
│ 0024_reassignment_interval_room_versions.sql          │ 🕒️    │
├───────────────────────────────────────────────────────┼────────┤
│ 0025_segmented_stay_pricing.sql                       │ 🕒️    │
├───────────────────────────────────────────────────────┼────────┤
│ 0026_active_stay_pricing_bootstrap_shadow.sql         │ 🕒️    │
├───────────────────────────────────────────────────────┼────────┤
│ 0027_active_stay_bootstrap_segment_snapshot_guard.sql │ 🕒️    │
├───────────────────────────────────────────────────────┼────────┤
│ 0028_checkout_settlement_guard.sql                    │ 🕒️    │
├───────────────────────────────────────────────────────┼────────┤
│ 0029_reservation_creation_recovery.sql                │ 🕒️    │
├───────────────────────────────────────────────────────┼────────┤
│ 0030_extra_charge_operation_identity.sql              │ 🕒️    │
└───────────────────────────────────────────────────────┴────────┘
🌀 Executing on local database HOTEL_DEMO_DB (00000000-0000-0000-0000-000000000002) from ../../../../../tmp/tmp.3J9jDuCSfk/state/v3/d1:
🌀 To execute on your remote database, add a --remote flag to your wrangler command.
🚣 8 commands executed successfully.
┌───────────────────────────────────────────────────────┬────────┐
│ name                                                  │ status │
├───────────────────────────────────────────────────────┼────────┤
│ 0001_foundation.sql                                   │ ✅     │
├───────────────────────────────────────────────────────┼────────┤
│ 0002_rooms_guests_holds.sql                           │ ✅     │
├───────────────────────────────────────────────────────┼────────┤
│ 0003_bookings.sql                                     │ ✅     │
├───────────────────────────────────────────────────────┼────────┤
│ 0004_booking_claim_fk.sql                             │ ✅     │
├───────────────────────────────────────────────────────┼────────┤
│ 0005_reception_lifecycle.sql                          │ 🕒️    │
├───────────────────────────────────────────────────────┼────────┤
│ 0006_lifecycle_transition_guards.sql                  │ 🕒️    │
├───────────────────────────────────────────────────────┼────────┤
│ 0007_lifecycle_atomic_guards.sql                      │ 🕒️    │
├───────────────────────────────────────────────────────┼────────┤
│ 0008_lifecycle_domain_parity.sql                      │ 🕒️    │
├───────────────────────────────────────────────────────┼────────┤
│ 0009_housekeeping_maintenance.sql                     │ 🕒️    │
├───────────────────────────────────────────────────────┼────────┤
│ 0010_billing.sql                                      │ 🕒️    │
├───────────────────────────────────────────────────────┼────────┤
│ 0011_cash_closure_audit.sql                           │ 🕒️    │
├───────────────────────────────────────────────────────┼────────┤
│ 0012_cash_closure_operation_token.sql                 │ 🕒️    │
├───────────────────────────────────────────────────────┼────────┤
│ 0013_noshow_reporting_parity.sql                      │ 🕒️    │
├───────────────────────────────────────────────────────┼────────┤
│ 0014_migration_source_parity.sql                      │ 🕒️    │
├───────────────────────────────────────────────────────┼────────┤
│ 0015_payment_operation_token.sql                      │ 🕒️    │
├───────────────────────────────────────────────────────┼────────┤
│ 0016_payment_operation_token_scope.sql                │ 🕒️    │
├───────────────────────────────────────────────────────┼────────┤
│ 0017_reporting_indexes.sql                            │ 🕒️    │
├───────────────────────────────────────────────────────┼────────┤
│ 0018_agent_mutation_provenance.sql                    │ 🕒️    │
├───────────────────────────────────────────────────────┼────────┤
│ 0019_billing_reconciliation.sql                       │ 🕒️    │
├───────────────────────────────────────────────────────┼────────┤
│ 0020_maintenance_impact.sql                           │ 🕒️    │
├───────────────────────────────────────────────────────┼────────┤
│ 0021_reassignment_remaining_nights.sql                │ 🕒️    │
├───────────────────────────────────────────────────────┼────────┤
│ 0022_room_state_dimensions.sql                        │ 🕒️    │
├───────────────────────────────────────────────────────┼────────┤
│ 0023_room_state_command_guards.sql                    │ 🕒️    │
├───────────────────────────────────────────────────────┼────────┤
│ 0024_reassignment_interval_room_versions.sql          │ 🕒️    │
├───────────────────────────────────────────────────────┼────────┤
│ 0025_segmented_stay_pricing.sql                       │ 🕒️    │
├───────────────────────────────────────────────────────┼────────┤
│ 0026_active_stay_pricing_bootstrap_shadow.sql         │ 🕒️    │
├───────────────────────────────────────────────────────┼────────┤
│ 0027_active_stay_bootstrap_segment_snapshot_guard.sql │ 🕒️    │
├───────────────────────────────────────────────────────┼────────┤
│ 0028_checkout_settlement_guard.sql                    │ 🕒️    │
├───────────────────────────────────────────────────────┼────────┤
│ 0029_reservation_creation_recovery.sql                │ 🕒️    │
├───────────────────────────────────────────────────────┼────────┤
│ 0030_extra_charge_operation_identity.sql              │ 🕒️    │
└───────────────────────────────────────────────────────┴────────┘
🌀 Executing on local database HOTEL_DEMO_DB (00000000-0000-0000-0000-000000000002) from ../../../../../tmp/tmp.3J9jDuCSfk/state/v3/d1:
🌀 To execute on your remote database, add a --remote flag to your wrangler command.
🚣 13 commands executed successfully.
┌───────────────────────────────────────────────────────┬────────┐
│ name                                                  │ status │
├───────────────────────────────────────────────────────┼────────┤
│ 0001_foundation.sql                                   │ ✅     │
├───────────────────────────────────────────────────────┼────────┤
│ 0002_rooms_guests_holds.sql                           │ ✅     │
├───────────────────────────────────────────────────────┼────────┤
│ 0003_bookings.sql                                     │ ✅     │
├───────────────────────────────────────────────────────┼────────┤
│ 0004_booking_claim_fk.sql                             │ ✅     │
├───────────────────────────────────────────────────────┼────────┤
│ 0005_reception_lifecycle.sql                          │ ✅     │
├───────────────────────────────────────────────────────┼────────┤
│ 0006_lifecycle_transition_guards.sql                  │ 🕒️    │
├───────────────────────────────────────────────────────┼────────┤
│ 0007_lifecycle_atomic_guards.sql                      │ 🕒️    │
├───────────────────────────────────────────────────────┼────────┤
│ 0008_lifecycle_domain_parity.sql                      │ 🕒️    │
├───────────────────────────────────────────────────────┼────────┤
│ 0009_housekeeping_maintenance.sql                     │ 🕒️    │
├───────────────────────────────────────────────────────┼────────┤
│ 0010_billing.sql                                      │ 🕒️    │
├───────────────────────────────────────────────────────┼────────┤
│ 0011_cash_closure_audit.sql                           │ 🕒️    │
├───────────────────────────────────────────────────────┼────────┤
│ 0012_cash_closure_operation_token.sql                 │ 🕒️    │
├───────────────────────────────────────────────────────┼────────┤
│ 0013_noshow_reporting_parity.sql                      │ 🕒️    │
├───────────────────────────────────────────────────────┼────────┤
│ 0014_migration_source_parity.sql                      │ 🕒️    │
├───────────────────────────────────────────────────────┼────────┤
│ 0015_payment_operation_token.sql                      │ 🕒️    │
├───────────────────────────────────────────────────────┼────────┤
│ 0016_payment_operation_token_scope.sql                │ 🕒️    │
├───────────────────────────────────────────────────────┼────────┤
│ 0017_reporting_indexes.sql                            │ 🕒️    │
├───────────────────────────────────────────────────────┼────────┤
│ 0018_agent_mutation_provenance.sql                    │ 🕒️    │
├───────────────────────────────────────────────────────┼────────┤
│ 0019_billing_reconciliation.sql                       │ 🕒️    │
├───────────────────────────────────────────────────────┼────────┤
│ 0020_maintenance_impact.sql                           │ 🕒️    │
├───────────────────────────────────────────────────────┼────────┤
│ 0021_reassignment_remaining_nights.sql                │ 🕒️    │
├───────────────────────────────────────────────────────┼────────┤
│ 0022_room_state_dimensions.sql                        │ 🕒️    │
├───────────────────────────────────────────────────────┼────────┤
│ 0023_room_state_command_guards.sql                    │ 🕒️    │
├───────────────────────────────────────────────────────┼────────┤
│ 0024_reassignment_interval_room_versions.sql          │ 🕒️    │
├───────────────────────────────────────────────────────┼────────┤
│ 0025_segmented_stay_pricing.sql                       │ 🕒️    │
├───────────────────────────────────────────────────────┼────────┤
│ 0026_active_stay_pricing_bootstrap_shadow.sql         │ 🕒️    │
├───────────────────────────────────────────────────────┼────────┤
│ 0027_active_stay_bootstrap_segment_snapshot_guard.sql │ 🕒️    │
├───────────────────────────────────────────────────────┼────────┤
│ 0028_checkout_settlement_guard.sql                    │ 🕒️    │
├───────────────────────────────────────────────────────┼────────┤
│ 0029_reservation_creation_recovery.sql                │ 🕒️    │
├───────────────────────────────────────────────────────┼────────┤
│ 0030_extra_charge_operation_identity.sql              │ 🕒️    │
└───────────────────────────────────────────────────────┴────────┘
🌀 Executing on local database HOTEL_DEMO_DB (00000000-0000-0000-0000-000000000002) from ../../../../../tmp/tmp.3J9jDuCSfk/state/v3/d1:
🌀 To execute on your remote database, add a --remote flag to your wrangler command.
🚣 3 commands executed successfully.
┌───────────────────────────────────────────────────────┬────────┐
│ name                                                  │ status │
├───────────────────────────────────────────────────────┼────────┤
│ 0001_foundation.sql                                   │ ✅     │
├───────────────────────────────────────────────────────┼────────┤
│ 0002_rooms_guests_holds.sql                           │ ✅     │
├───────────────────────────────────────────────────────┼────────┤
│ 0003_bookings.sql                                     │ ✅     │
├───────────────────────────────────────────────────────┼────────┤
│ 0004_booking_claim_fk.sql                             │ ✅     │
├───────────────────────────────────────────────────────┼────────┤
│ 0005_reception_lifecycle.sql                          │ ✅     │
├───────────────────────────────────────────────────────┼────────┤
│ 0006_lifecycle_transition_guards.sql                  │ ✅     │
├───────────────────────────────────────────────────────┼────────┤
│ 0007_lifecycle_atomic_guards.sql                      │ 🕒️    │
├───────────────────────────────────────────────────────┼────────┤
│ 0008_lifecycle_domain_parity.sql                      │ 🕒️    │
├───────────────────────────────────────────────────────┼────────┤
│ 0009_housekeeping_maintenance.sql                     │ 🕒️    │
├───────────────────────────────────────────────────────┼────────┤
│ 0010_billing.sql                                      │ 🕒️    │
├───────────────────────────────────────────────────────┼────────┤
│ 0011_cash_closure_audit.sql                           │ 🕒️    │
├───────────────────────────────────────────────────────┼────────┤
│ 0012_cash_closure_operation_token.sql                 │ 🕒️    │
├───────────────────────────────────────────────────────┼────────┤
│ 0013_noshow_reporting_parity.sql                      │ 🕒️    │
├───────────────────────────────────────────────────────┼────────┤
│ 0014_migration_source_parity.sql                      │ 🕒️    │
├───────────────────────────────────────────────────────┼────────┤
│ 0015_payment_operation_token.sql                      │ 🕒️    │
├───────────────────────────────────────────────────────┼────────┤
│ 0016_payment_operation_token_scope.sql                │ 🕒️    │
├───────────────────────────────────────────────────────┼────────┤
│ 0017_reporting_indexes.sql                            │ 🕒️    │
├───────────────────────────────────────────────────────┼────────┤
│ 0018_agent_mutation_provenance.sql                    │ 🕒️    │
├───────────────────────────────────────────────────────┼────────┤
│ 0019_billing_reconciliation.sql                       │ 🕒️    │
├───────────────────────────────────────────────────────┼────────┤
│ 0020_maintenance_impact.sql                           │ 🕒️    │
├───────────────────────────────────────────────────────┼────────┤
│ 0021_reassignment_remaining_nights.sql                │ 🕒️    │
├───────────────────────────────────────────────────────┼────────┤
│ 0022_room_state_dimensions.sql                        │ 🕒️    │
├───────────────────────────────────────────────────────┼────────┤
│ 0023_room_state_command_guards.sql                    │ 🕒️    │
├───────────────────────────────────────────────────────┼────────┤
│ 0024_reassignment_interval_room_versions.sql          │ 🕒️    │
├───────────────────────────────────────────────────────┼────────┤
│ 0025_segmented_stay_pricing.sql                       │ 🕒️    │
├───────────────────────────────────────────────────────┼────────┤
│ 0026_active_stay_pricing_bootstrap_shadow.sql         │ 🕒️    │
├───────────────────────────────────────────────────────┼────────┤
│ 0027_active_stay_bootstrap_segment_snapshot_guard.sql │ 🕒️    │
├───────────────────────────────────────────────────────┼────────┤
│ 0028_checkout_settlement_guard.sql                    │ 🕒️    │
├───────────────────────────────────────────────────────┼────────┤
│ 0029_reservation_creation_recovery.sql                │ 🕒️    │
├───────────────────────────────────────────────────────┼────────┤
│ 0030_extra_charge_operation_identity.sql              │ 🕒️    │
└───────────────────────────────────────────────────────┴────────┘
🌀 Executing on local database HOTEL_DEMO_DB (00000000-0000-0000-0000-000000000002) from ../../../../../tmp/tmp.3J9jDuCSfk/state/v3/d1:
🌀 To execute on your remote database, add a --remote flag to your wrangler command.
🚣 4 commands executed successfully.
┌───────────────────────────────────────────────────────┬────────┐
│ name                                                  │ status │
├───────────────────────────────────────────────────────┼────────┤
│ 0001_foundation.sql                                   │ ✅     │
├───────────────────────────────────────────────────────┼────────┤
│ 0002_rooms_guests_holds.sql                           │ ✅     │
├───────────────────────────────────────────────────────┼────────┤
│ 0003_bookings.sql                                     │ ✅     │
├───────────────────────────────────────────────────────┼────────┤
│ 0004_booking_claim_fk.sql                             │ ✅     │
├───────────────────────────────────────────────────────┼────────┤
│ 0005_reception_lifecycle.sql                          │ ✅     │
├───────────────────────────────────────────────────────┼────────┤
│ 0006_lifecycle_transition_guards.sql                  │ ✅     │
├───────────────────────────────────────────────────────┼────────┤
│ 0007_lifecycle_atomic_guards.sql                      │ ✅     │
├───────────────────────────────────────────────────────┼────────┤
│ 0008_lifecycle_domain_parity.sql                      │ 🕒️    │
├───────────────────────────────────────────────────────┼────────┤
│ 0009_housekeeping_maintenance.sql                     │ 🕒️    │
├───────────────────────────────────────────────────────┼────────┤
│ 0010_billing.sql                                      │ 🕒️    │
├───────────────────────────────────────────────────────┼────────┤
│ 0011_cash_closure_audit.sql                           │ 🕒️    │
├───────────────────────────────────────────────────────┼────────┤
│ 0012_cash_closure_operation_token.sql                 │ 🕒️    │
├───────────────────────────────────────────────────────┼────────┤
│ 0013_noshow_reporting_parity.sql                      │ 🕒️    │
├───────────────────────────────────────────────────────┼────────┤
│ 0014_migration_source_parity.sql                      │ 🕒️    │
├───────────────────────────────────────────────────────┼────────┤
│ 0015_payment_operation_token.sql                      │ 🕒️    │
├───────────────────────────────────────────────────────┼────────┤
│ 0016_payment_operation_token_scope.sql                │ 🕒️    │
├───────────────────────────────────────────────────────┼────────┤
│ 0017_reporting_indexes.sql                            │ 🕒️    │
├───────────────────────────────────────────────────────┼────────┤
│ 0018_agent_mutation_provenance.sql                    │ 🕒️    │
├───────────────────────────────────────────────────────┼────────┤
│ 0019_billing_reconciliation.sql                       │ 🕒️    │
├───────────────────────────────────────────────────────┼────────┤
│ 0020_maintenance_impact.sql                           │ 🕒️    │
├───────────────────────────────────────────────────────┼────────┤
│ 0021_reassignment_remaining_nights.sql                │ 🕒️    │
├───────────────────────────────────────────────────────┼────────┤
│ 0022_room_state_dimensions.sql                        │ 🕒️    │
├───────────────────────────────────────────────────────┼────────┤
│ 0023_room_state_command_guards.sql                    │ 🕒️    │
├───────────────────────────────────────────────────────┼────────┤
│ 0024_reassignment_interval_room_versions.sql          │ 🕒️    │
├───────────────────────────────────────────────────────┼────────┤
│ 0025_segmented_stay_pricing.sql                       │ 🕒️    │
├───────────────────────────────────────────────────────┼────────┤
│ 0026_active_stay_pricing_bootstrap_shadow.sql         │ 🕒️    │
├───────────────────────────────────────────────────────┼────────┤
│ 0027_active_stay_bootstrap_segment_snapshot_guard.sql │ 🕒️    │
├───────────────────────────────────────────────────────┼────────┤
│ 0028_checkout_settlement_guard.sql                    │ 🕒️    │
├───────────────────────────────────────────────────────┼────────┤
│ 0029_reservation_creation_recovery.sql                │ 🕒️    │
├───────────────────────────────────────────────────────┼────────┤
│ 0030_extra_charge_operation_identity.sql              │ 🕒️    │
└───────────────────────────────────────────────────────┴────────┘
🌀 Executing on local database HOTEL_DEMO_DB (00000000-0000-0000-0000-000000000002) from ../../../../../tmp/tmp.3J9jDuCSfk/state/v3/d1:
🌀 To execute on your remote database, add a --remote flag to your wrangler command.
🚣 5 commands executed successfully.
┌───────────────────────────────────────────────────────┬────────┐
│ name                                                  │ status │
├───────────────────────────────────────────────────────┼────────┤
│ 0001_foundation.sql                                   │ ✅     │
├───────────────────────────────────────────────────────┼────────┤
│ 0002_rooms_guests_holds.sql                           │ ✅     │
├───────────────────────────────────────────────────────┼────────┤
│ 0003_bookings.sql                                     │ ✅     │
├───────────────────────────────────────────────────────┼────────┤
│ 0004_booking_claim_fk.sql                             │ ✅     │
├───────────────────────────────────────────────────────┼────────┤
│ 0005_reception_lifecycle.sql                          │ ✅     │
├───────────────────────────────────────────────────────┼────────┤
│ 0006_lifecycle_transition_guards.sql                  │ ✅     │
├───────────────────────────────────────────────────────┼────────┤
│ 0007_lifecycle_atomic_guards.sql                      │ ✅     │
├───────────────────────────────────────────────────────┼────────┤
│ 0008_lifecycle_domain_parity.sql                      │ ✅     │
├───────────────────────────────────────────────────────┼────────┤
│ 0009_housekeeping_maintenance.sql                     │ 🕒️    │
├───────────────────────────────────────────────────────┼────────┤
│ 0010_billing.sql                                      │ 🕒️    │
├───────────────────────────────────────────────────────┼────────┤
│ 0011_cash_closure_audit.sql                           │ 🕒️    │
├───────────────────────────────────────────────────────┼────────┤
│ 0012_cash_closure_operation_token.sql                 │ 🕒️    │
├───────────────────────────────────────────────────────┼────────┤
│ 0013_noshow_reporting_parity.sql                      │ 🕒️    │
├───────────────────────────────────────────────────────┼────────┤
│ 0014_migration_source_parity.sql                      │ 🕒️    │
├───────────────────────────────────────────────────────┼────────┤
│ 0015_payment_operation_token.sql                      │ 🕒️    │
├───────────────────────────────────────────────────────┼────────┤
│ 0016_payment_operation_token_scope.sql                │ 🕒️    │
├───────────────────────────────────────────────────────┼────────┤
│ 0017_reporting_indexes.sql                            │ 🕒️    │
├───────────────────────────────────────────────────────┼────────┤
│ 0018_agent_mutation_provenance.sql                    │ 🕒️    │
├───────────────────────────────────────────────────────┼────────┤
│ 0019_billing_reconciliation.sql                       │ 🕒️    │
├───────────────────────────────────────────────────────┼────────┤
│ 0020_maintenance_impact.sql                           │ 🕒️    │
├───────────────────────────────────────────────────────┼────────┤
│ 0021_reassignment_remaining_nights.sql                │ 🕒️    │
├───────────────────────────────────────────────────────┼────────┤
│ 0022_room_state_dimensions.sql                        │ 🕒️    │
├───────────────────────────────────────────────────────┼────────┤
│ 0023_room_state_command_guards.sql                    │ 🕒️    │
├───────────────────────────────────────────────────────┼────────┤
│ 0024_reassignment_interval_room_versions.sql          │ 🕒️    │
├───────────────────────────────────────────────────────┼────────┤
│ 0025_segmented_stay_pricing.sql                       │ 🕒️    │
├───────────────────────────────────────────────────────┼────────┤
│ 0026_active_stay_pricing_bootstrap_shadow.sql         │ 🕒️    │
├───────────────────────────────────────────────────────┼────────┤
│ 0027_active_stay_bootstrap_segment_snapshot_guard.sql │ 🕒️    │
├───────────────────────────────────────────────────────┼────────┤
│ 0028_checkout_settlement_guard.sql                    │ 🕒️    │
├───────────────────────────────────────────────────────┼────────┤
│ 0029_reservation_creation_recovery.sql                │ 🕒️    │
├───────────────────────────────────────────────────────┼────────┤
│ 0030_extra_charge_operation_identity.sql              │ 🕒️    │
└───────────────────────────────────────────────────────┴────────┘
🌀 Executing on local database HOTEL_DEMO_DB (00000000-0000-0000-0000-000000000002) from ../../../../../tmp/tmp.3J9jDuCSfk/state/v3/d1:
🌀 To execute on your remote database, add a --remote flag to your wrangler command.
🚣 8 commands executed successfully.
┌───────────────────────────────────────────────────────┬────────┐
│ name                                                  │ status │
├───────────────────────────────────────────────────────┼────────┤
│ 0001_foundation.sql                                   │ ✅     │
├───────────────────────────────────────────────────────┼────────┤
│ 0002_rooms_guests_holds.sql                           │ ✅     │
├───────────────────────────────────────────────────────┼────────┤
│ 0003_bookings.sql                                     │ ✅     │
├───────────────────────────────────────────────────────┼────────┤
│ 0004_booking_claim_fk.sql                             │ ✅     │
├───────────────────────────────────────────────────────┼────────┤
│ 0005_reception_lifecycle.sql                          │ ✅     │
├───────────────────────────────────────────────────────┼────────┤
│ 0006_lifecycle_transition_guards.sql                  │ ✅     │
├───────────────────────────────────────────────────────┼────────┤
│ 0007_lifecycle_atomic_guards.sql                      │ ✅     │
├───────────────────────────────────────────────────────┼────────┤
│ 0008_lifecycle_domain_parity.sql                      │ ✅     │
├───────────────────────────────────────────────────────┼────────┤
│ 0009_housekeeping_maintenance.sql                     │ ✅     │
├───────────────────────────────────────────────────────┼────────┤
│ 0010_billing.sql                                      │ 🕒️    │
├───────────────────────────────────────────────────────┼────────┤
│ 0011_cash_closure_audit.sql                           │ 🕒️    │
├───────────────────────────────────────────────────────┼────────┤
│ 0012_cash_closure_operation_token.sql                 │ 🕒️    │
├───────────────────────────────────────────────────────┼────────┤
│ 0013_noshow_reporting_parity.sql                      │ 🕒️    │
├───────────────────────────────────────────────────────┼────────┤
│ 0014_migration_source_parity.sql                      │ 🕒️    │
├───────────────────────────────────────────────────────┼────────┤
│ 0015_payment_operation_token.sql                      │ 🕒️    │
├───────────────────────────────────────────────────────┼────────┤
│ 0016_payment_operation_token_scope.sql                │ 🕒️    │
├───────────────────────────────────────────────────────┼────────┤
│ 0017_reporting_indexes.sql                            │ 🕒️    │
├───────────────────────────────────────────────────────┼────────┤
│ 0018_agent_mutation_provenance.sql                    │ 🕒️    │
├───────────────────────────────────────────────────────┼────────┤
│ 0019_billing_reconciliation.sql                       │ 🕒️    │
├───────────────────────────────────────────────────────┼────────┤
│ 0020_maintenance_impact.sql                           │ 🕒️    │
├───────────────────────────────────────────────────────┼────────┤
│ 0021_reassignment_remaining_nights.sql                │ 🕒️    │
├───────────────────────────────────────────────────────┼────────┤
│ 0022_room_state_dimensions.sql                        │ 🕒️    │
├───────────────────────────────────────────────────────┼────────┤
│ 0023_room_state_command_guards.sql                    │ 🕒️    │
├───────────────────────────────────────────────────────┼────────┤
│ 0024_reassignment_interval_room_versions.sql          │ 🕒️    │
├───────────────────────────────────────────────────────┼────────┤
│ 0025_segmented_stay_pricing.sql                       │ 🕒️    │
├───────────────────────────────────────────────────────┼────────┤
│ 0026_active_stay_pricing_bootstrap_shadow.sql         │ 🕒️    │
├───────────────────────────────────────────────────────┼────────┤
│ 0027_active_stay_bootstrap_segment_snapshot_guard.sql │ 🕒️    │
├───────────────────────────────────────────────────────┼────────┤
│ 0028_checkout_settlement_guard.sql                    │ 🕒️    │
├───────────────────────────────────────────────────────┼────────┤
│ 0029_reservation_creation_recovery.sql                │ 🕒️    │
├───────────────────────────────────────────────────────┼────────┤
│ 0030_extra_charge_operation_identity.sql              │ 🕒️    │
└───────────────────────────────────────────────────────┴────────┘
🌀 Executing on local database HOTEL_DEMO_DB (00000000-0000-0000-0000-000000000002) from ../../../../../tmp/tmp.3J9jDuCSfk/state/v3/d1:
🌀 To execute on your remote database, add a --remote flag to your wrangler command.
🚣 13 commands executed successfully.
┌───────────────────────────────────────────────────────┬────────┐
│ name                                                  │ status │
├───────────────────────────────────────────────────────┼────────┤
│ 0001_foundation.sql                                   │ ✅     │
├───────────────────────────────────────────────────────┼────────┤
│ 0002_rooms_guests_holds.sql                           │ ✅     │
├───────────────────────────────────────────────────────┼────────┤
│ 0003_bookings.sql                                     │ ✅     │
├───────────────────────────────────────────────────────┼────────┤
│ 0004_booking_claim_fk.sql                             │ ✅     │
├───────────────────────────────────────────────────────┼────────┤
│ 0005_reception_lifecycle.sql                          │ ✅     │
├───────────────────────────────────────────────────────┼────────┤
│ 0006_lifecycle_transition_guards.sql                  │ ✅     │
├───────────────────────────────────────────────────────┼────────┤
│ 0007_lifecycle_atomic_guards.sql                      │ ✅     │
├───────────────────────────────────────────────────────┼────────┤
│ 0008_lifecycle_domain_parity.sql                      │ ✅     │
├───────────────────────────────────────────────────────┼────────┤
│ 0009_housekeeping_maintenance.sql                     │ ✅     │
├───────────────────────────────────────────────────────┼────────┤
│ 0010_billing.sql                                      │ ✅     │
├───────────────────────────────────────────────────────┼────────┤
│ 0011_cash_closure_audit.sql                           │ 🕒️    │
├───────────────────────────────────────────────────────┼────────┤
│ 0012_cash_closure_operation_token.sql                 │ 🕒️    │
├───────────────────────────────────────────────────────┼────────┤
│ 0013_noshow_reporting_parity.sql                      │ 🕒️    │
├───────────────────────────────────────────────────────┼────────┤
│ 0014_migration_source_parity.sql                      │ 🕒️    │
├───────────────────────────────────────────────────────┼────────┤
│ 0015_payment_operation_token.sql                      │ 🕒️    │
├───────────────────────────────────────────────────────┼────────┤
│ 0016_payment_operation_token_scope.sql                │ 🕒️    │
├───────────────────────────────────────────────────────┼────────┤
│ 0017_reporting_indexes.sql                            │ 🕒️    │
├───────────────────────────────────────────────────────┼────────┤
│ 0018_agent_mutation_provenance.sql                    │ 🕒️    │
├───────────────────────────────────────────────────────┼────────┤
│ 0019_billing_reconciliation.sql                       │ 🕒️    │
├───────────────────────────────────────────────────────┼────────┤
│ 0020_maintenance_impact.sql                           │ 🕒️    │
├───────────────────────────────────────────────────────┼────────┤
│ 0021_reassignment_remaining_nights.sql                │ 🕒️    │
├───────────────────────────────────────────────────────┼────────┤
│ 0022_room_state_dimensions.sql                        │ 🕒️    │
├───────────────────────────────────────────────────────┼────────┤
│ 0023_room_state_command_guards.sql                    │ 🕒️    │
├───────────────────────────────────────────────────────┼────────┤
│ 0024_reassignment_interval_room_versions.sql          │ 🕒️    │
├───────────────────────────────────────────────────────┼────────┤
│ 0025_segmented_stay_pricing.sql                       │ 🕒️    │
├───────────────────────────────────────────────────────┼────────┤
│ 0026_active_stay_pricing_bootstrap_shadow.sql         │ 🕒️    │
├───────────────────────────────────────────────────────┼────────┤
│ 0027_active_stay_bootstrap_segment_snapshot_guard.sql │ 🕒️    │
├───────────────────────────────────────────────────────┼────────┤
│ 0028_checkout_settlement_guard.sql                    │ 🕒️    │
├───────────────────────────────────────────────────────┼────────┤
│ 0029_reservation_creation_recovery.sql                │ 🕒️    │
├───────────────────────────────────────────────────────┼────────┤
│ 0030_extra_charge_operation_identity.sql              │ 🕒️    │
└───────────────────────────────────────────────────────┴────────┘
🌀 Executing on local database HOTEL_DEMO_DB (00000000-0000-0000-0000-000000000002) from ../../../../../tmp/tmp.3J9jDuCSfk/state/v3/d1:
🌀 To execute on your remote database, add a --remote flag to your wrangler command.
🚣 5 commands executed successfully.
┌───────────────────────────────────────────────────────┬────────┐
│ name                                                  │ status │
├───────────────────────────────────────────────────────┼────────┤
│ 0001_foundation.sql                                   │ ✅     │
├───────────────────────────────────────────────────────┼────────┤
│ 0002_rooms_guests_holds.sql                           │ ✅     │
├───────────────────────────────────────────────────────┼────────┤
│ 0003_bookings.sql                                     │ ✅     │
├───────────────────────────────────────────────────────┼────────┤
│ 0004_booking_claim_fk.sql                             │ ✅     │
├───────────────────────────────────────────────────────┼────────┤
│ 0005_reception_lifecycle.sql                          │ ✅     │
├───────────────────────────────────────────────────────┼────────┤
│ 0006_lifecycle_transition_guards.sql                  │ ✅     │
├───────────────────────────────────────────────────────┼────────┤
│ 0007_lifecycle_atomic_guards.sql                      │ ✅     │
├───────────────────────────────────────────────────────┼────────┤
│ 0008_lifecycle_domain_parity.sql                      │ ✅     │
├───────────────────────────────────────────────────────┼────────┤
│ 0009_housekeeping_maintenance.sql                     │ ✅     │
├───────────────────────────────────────────────────────┼────────┤
│ 0010_billing.sql                                      │ ✅     │
├───────────────────────────────────────────────────────┼────────┤
│ 0011_cash_closure_audit.sql                           │ ✅     │
├───────────────────────────────────────────────────────┼────────┤
│ 0012_cash_closure_operation_token.sql                 │ 🕒️    │
├───────────────────────────────────────────────────────┼────────┤
│ 0013_noshow_reporting_parity.sql                      │ 🕒️    │
├───────────────────────────────────────────────────────┼────────┤
│ 0014_migration_source_parity.sql                      │ 🕒️    │
├───────────────────────────────────────────────────────┼────────┤
│ 0015_payment_operation_token.sql                      │ 🕒️    │
├───────────────────────────────────────────────────────┼────────┤
│ 0016_payment_operation_token_scope.sql                │ 🕒️    │
├───────────────────────────────────────────────────────┼────────┤
│ 0017_reporting_indexes.sql                            │ 🕒️    │
├───────────────────────────────────────────────────────┼────────┤
│ 0018_agent_mutation_provenance.sql                    │ 🕒️    │
├───────────────────────────────────────────────────────┼────────┤
│ 0019_billing_reconciliation.sql                       │ 🕒️    │
├───────────────────────────────────────────────────────┼────────┤
│ 0020_maintenance_impact.sql                           │ 🕒️    │
├───────────────────────────────────────────────────────┼────────┤
│ 0021_reassignment_remaining_nights.sql                │ 🕒️    │
├───────────────────────────────────────────────────────┼────────┤
│ 0022_room_state_dimensions.sql                        │ 🕒️    │
├───────────────────────────────────────────────────────┼────────┤
│ 0023_room_state_command_guards.sql                    │ 🕒️    │
├───────────────────────────────────────────────────────┼────────┤
│ 0024_reassignment_interval_room_versions.sql          │ 🕒️    │
├───────────────────────────────────────────────────────┼────────┤
│ 0025_segmented_stay_pricing.sql                       │ 🕒️    │
├───────────────────────────────────────────────────────┼────────┤
│ 0026_active_stay_pricing_bootstrap_shadow.sql         │ 🕒️    │
├───────────────────────────────────────────────────────┼────────┤
│ 0027_active_stay_bootstrap_segment_snapshot_guard.sql │ 🕒️    │
├───────────────────────────────────────────────────────┼────────┤
│ 0028_checkout_settlement_guard.sql                    │ 🕒️    │
├───────────────────────────────────────────────────────┼────────┤
│ 0029_reservation_creation_recovery.sql                │ 🕒️    │
├───────────────────────────────────────────────────────┼────────┤
│ 0030_extra_charge_operation_identity.sql              │ 🕒️    │
└───────────────────────────────────────────────────────┴────────┘
🌀 Executing on local database HOTEL_DEMO_DB (00000000-0000-0000-0000-000000000002) from ../../../../../tmp/tmp.3J9jDuCSfk/state/v3/d1:
🌀 To execute on your remote database, add a --remote flag to your wrangler command.
🚣 3 commands executed successfully.
┌───────────────────────────────────────────────────────┬────────┐
│ name                                                  │ status │
├───────────────────────────────────────────────────────┼────────┤
│ 0001_foundation.sql                                   │ ✅     │
├───────────────────────────────────────────────────────┼────────┤
│ 0002_rooms_guests_holds.sql                           │ ✅     │
├───────────────────────────────────────────────────────┼────────┤
│ 0003_bookings.sql                                     │ ✅     │
├───────────────────────────────────────────────────────┼────────┤
│ 0004_booking_claim_fk.sql                             │ ✅     │
├───────────────────────────────────────────────────────┼────────┤
│ 0005_reception_lifecycle.sql                          │ ✅     │
├───────────────────────────────────────────────────────┼────────┤
│ 0006_lifecycle_transition_guards.sql                  │ ✅     │
├───────────────────────────────────────────────────────┼────────┤
│ 0007_lifecycle_atomic_guards.sql                      │ ✅     │
├───────────────────────────────────────────────────────┼────────┤
│ 0008_lifecycle_domain_parity.sql                      │ ✅     │
├───────────────────────────────────────────────────────┼────────┤
│ 0009_housekeeping_maintenance.sql                     │ ✅     │
├───────────────────────────────────────────────────────┼────────┤
│ 0010_billing.sql                                      │ ✅     │
├───────────────────────────────────────────────────────┼────────┤
│ 0011_cash_closure_audit.sql                           │ ✅     │
├───────────────────────────────────────────────────────┼────────┤
│ 0012_cash_closure_operation_token.sql                 │ ✅     │
├───────────────────────────────────────────────────────┼────────┤
│ 0013_noshow_reporting_parity.sql                      │ 🕒️    │
├───────────────────────────────────────────────────────┼────────┤
│ 0014_migration_source_parity.sql                      │ 🕒️    │
├───────────────────────────────────────────────────────┼────────┤
│ 0015_payment_operation_token.sql                      │ 🕒️    │
├───────────────────────────────────────────────────────┼────────┤
│ 0016_payment_operation_token_scope.sql                │ 🕒️    │
├───────────────────────────────────────────────────────┼────────┤
│ 0017_reporting_indexes.sql                            │ 🕒️    │
├───────────────────────────────────────────────────────┼────────┤
│ 0018_agent_mutation_provenance.sql                    │ 🕒️    │
├───────────────────────────────────────────────────────┼────────┤
│ 0019_billing_reconciliation.sql                       │ 🕒️    │
├───────────────────────────────────────────────────────┼────────┤
│ 0020_maintenance_impact.sql                           │ 🕒️    │
├───────────────────────────────────────────────────────┼────────┤
│ 0021_reassignment_remaining_nights.sql                │ 🕒️    │
├───────────────────────────────────────────────────────┼────────┤
│ 0022_room_state_dimensions.sql                        │ 🕒️    │
├───────────────────────────────────────────────────────┼────────┤
│ 0023_room_state_command_guards.sql                    │ 🕒️    │
├───────────────────────────────────────────────────────┼────────┤
│ 0024_reassignment_interval_room_versions.sql          │ 🕒️    │
├───────────────────────────────────────────────────────┼────────┤
│ 0025_segmented_stay_pricing.sql                       │ 🕒️    │
├───────────────────────────────────────────────────────┼────────┤
│ 0026_active_stay_pricing_bootstrap_shadow.sql         │ 🕒️    │
├───────────────────────────────────────────────────────┼────────┤
│ 0027_active_stay_bootstrap_segment_snapshot_guard.sql │ 🕒️    │
├───────────────────────────────────────────────────────┼────────┤
│ 0028_checkout_settlement_guard.sql                    │ 🕒️    │
├───────────────────────────────────────────────────────┼────────┤
│ 0029_reservation_creation_recovery.sql                │ 🕒️    │
├───────────────────────────────────────────────────────┼────────┤
│ 0030_extra_charge_operation_identity.sql              │ 🕒️    │
└───────────────────────────────────────────────────────┴────────┘
🌀 Executing on local database HOTEL_DEMO_DB (00000000-0000-0000-0000-000000000002) from ../../../../../tmp/tmp.3J9jDuCSfk/state/v3/d1:
🌀 To execute on your remote database, add a --remote flag to your wrangler command.
🚣 19 commands executed successfully.
┌───────────────────────────────────────────────────────┬────────┐
│ name                                                  │ status │
├───────────────────────────────────────────────────────┼────────┤
│ 0001_foundation.sql                                   │ ✅     │
├───────────────────────────────────────────────────────┼────────┤
│ 0002_rooms_guests_holds.sql                           │ ✅     │
├───────────────────────────────────────────────────────┼────────┤
│ 0003_bookings.sql                                     │ ✅     │
├───────────────────────────────────────────────────────┼────────┤
│ 0004_booking_claim_fk.sql                             │ ✅     │
├───────────────────────────────────────────────────────┼────────┤
│ 0005_reception_lifecycle.sql                          │ ✅     │
├───────────────────────────────────────────────────────┼────────┤
│ 0006_lifecycle_transition_guards.sql                  │ ✅     │
├───────────────────────────────────────────────────────┼────────┤
│ 0007_lifecycle_atomic_guards.sql                      │ ✅     │
├───────────────────────────────────────────────────────┼────────┤
│ 0008_lifecycle_domain_parity.sql                      │ ✅     │
├───────────────────────────────────────────────────────┼────────┤
│ 0009_housekeeping_maintenance.sql                     │ ✅     │
├───────────────────────────────────────────────────────┼────────┤
│ 0010_billing.sql                                      │ ✅     │
├───────────────────────────────────────────────────────┼────────┤
│ 0011_cash_closure_audit.sql                           │ ✅     │
├───────────────────────────────────────────────────────┼────────┤
│ 0012_cash_closure_operation_token.sql                 │ ✅     │
├───────────────────────────────────────────────────────┼────────┤
│ 0013_noshow_reporting_parity.sql                      │ ✅     │
├───────────────────────────────────────────────────────┼────────┤
│ 0014_migration_source_parity.sql                      │ 🕒️    │
├───────────────────────────────────────────────────────┼────────┤
│ 0015_payment_operation_token.sql                      │ 🕒️    │
├───────────────────────────────────────────────────────┼────────┤
│ 0016_payment_operation_token_scope.sql                │ 🕒️    │
├───────────────────────────────────────────────────────┼────────┤
│ 0017_reporting_indexes.sql                            │ 🕒️    │
├───────────────────────────────────────────────────────┼────────┤
│ 0018_agent_mutation_provenance.sql                    │ 🕒️    │
├───────────────────────────────────────────────────────┼────────┤
│ 0019_billing_reconciliation.sql                       │ 🕒️    │
├───────────────────────────────────────────────────────┼────────┤
│ 0020_maintenance_impact.sql                           │ 🕒️    │
├───────────────────────────────────────────────────────┼────────┤
│ 0021_reassignment_remaining_nights.sql                │ 🕒️    │
├───────────────────────────────────────────────────────┼────────┤
│ 0022_room_state_dimensions.sql                        │ 🕒️    │
├───────────────────────────────────────────────────────┼────────┤
│ 0023_room_state_command_guards.sql                    │ 🕒️    │
├───────────────────────────────────────────────────────┼────────┤
│ 0024_reassignment_interval_room_versions.sql          │ 🕒️    │
├───────────────────────────────────────────────────────┼────────┤
│ 0025_segmented_stay_pricing.sql                       │ 🕒️    │
├───────────────────────────────────────────────────────┼────────┤
│ 0026_active_stay_pricing_bootstrap_shadow.sql         │ 🕒️    │
├───────────────────────────────────────────────────────┼────────┤
│ 0027_active_stay_bootstrap_segment_snapshot_guard.sql │ 🕒️    │
├───────────────────────────────────────────────────────┼────────┤
│ 0028_checkout_settlement_guard.sql                    │ 🕒️    │
├───────────────────────────────────────────────────────┼────────┤
│ 0029_reservation_creation_recovery.sql                │ 🕒️    │
├───────────────────────────────────────────────────────┼────────┤
│ 0030_extra_charge_operation_identity.sql              │ 🕒️    │
└───────────────────────────────────────────────────────┴────────┘
🌀 Executing on local database HOTEL_DEMO_DB (00000000-0000-0000-0000-000000000002) from ../../../../../tmp/tmp.3J9jDuCSfk/state/v3/d1:
🌀 To execute on your remote database, add a --remote flag to your wrangler command.
🚣 20 commands executed successfully.
┌───────────────────────────────────────────────────────┬────────┐
│ name                                                  │ status │
├───────────────────────────────────────────────────────┼────────┤
│ 0001_foundation.sql                                   │ ✅     │
├───────────────────────────────────────────────────────┼────────┤
│ 0002_rooms_guests_holds.sql                           │ ✅     │
├───────────────────────────────────────────────────────┼────────┤
│ 0003_bookings.sql                                     │ ✅     │
├───────────────────────────────────────────────────────┼────────┤
│ 0004_booking_claim_fk.sql                             │ ✅     │
├───────────────────────────────────────────────────────┼────────┤
│ 0005_reception_lifecycle.sql                          │ ✅     │
├───────────────────────────────────────────────────────┼────────┤
│ 0006_lifecycle_transition_guards.sql                  │ ✅     │
├───────────────────────────────────────────────────────┼────────┤
│ 0007_lifecycle_atomic_guards.sql                      │ ✅     │
├───────────────────────────────────────────────────────┼────────┤
│ 0008_lifecycle_domain_parity.sql                      │ ✅     │
├───────────────────────────────────────────────────────┼────────┤
│ 0009_housekeeping_maintenance.sql                     │ ✅     │
├───────────────────────────────────────────────────────┼────────┤
│ 0010_billing.sql                                      │ ✅     │
├───────────────────────────────────────────────────────┼────────┤
│ 0011_cash_closure_audit.sql                           │ ✅     │
├───────────────────────────────────────────────────────┼────────┤
│ 0012_cash_closure_operation_token.sql                 │ ✅     │
├───────────────────────────────────────────────────────┼────────┤
│ 0013_noshow_reporting_parity.sql                      │ ✅     │
├───────────────────────────────────────────────────────┼────────┤
│ 0014_migration_source_parity.sql                      │ ✅     │
├───────────────────────────────────────────────────────┼────────┤
│ 0015_payment_operation_token.sql                      │ 🕒️    │
├───────────────────────────────────────────────────────┼────────┤
│ 0016_payment_operation_token_scope.sql                │ 🕒️    │
├───────────────────────────────────────────────────────┼────────┤
│ 0017_reporting_indexes.sql                            │ 🕒️    │
├───────────────────────────────────────────────────────┼────────┤
│ 0018_agent_mutation_provenance.sql                    │ 🕒️    │
├───────────────────────────────────────────────────────┼────────┤
│ 0019_billing_reconciliation.sql                       │ 🕒️    │
├───────────────────────────────────────────────────────┼────────┤
│ 0020_maintenance_impact.sql                           │ 🕒️    │
├───────────────────────────────────────────────────────┼────────┤
│ 0021_reassignment_remaining_nights.sql                │ 🕒️    │
├───────────────────────────────────────────────────────┼────────┤
│ 0022_room_state_dimensions.sql                        │ 🕒️    │
├───────────────────────────────────────────────────────┼────────┤
│ 0023_room_state_command_guards.sql                    │ 🕒️    │
├───────────────────────────────────────────────────────┼────────┤
│ 0024_reassignment_interval_room_versions.sql          │ 🕒️    │
├───────────────────────────────────────────────────────┼────────┤
│ 0025_segmented_stay_pricing.sql                       │ 🕒️    │
├───────────────────────────────────────────────────────┼────────┤
│ 0026_active_stay_pricing_bootstrap_shadow.sql         │ 🕒️    │
├───────────────────────────────────────────────────────┼────────┤
│ 0027_active_stay_bootstrap_segment_snapshot_guard.sql │ 🕒️    │
├───────────────────────────────────────────────────────┼────────┤
│ 0028_checkout_settlement_guard.sql                    │ 🕒️    │
├───────────────────────────────────────────────────────┼────────┤
│ 0029_reservation_creation_recovery.sql                │ 🕒️    │
├───────────────────────────────────────────────────────┼────────┤
│ 0030_extra_charge_operation_identity.sql              │ 🕒️    │
└───────────────────────────────────────────────────────┴────────┘
🌀 Executing on local database HOTEL_DEMO_DB (00000000-0000-0000-0000-000000000002) from ../../../../../tmp/tmp.3J9jDuCSfk/state/v3/d1:
🌀 To execute on your remote database, add a --remote flag to your wrangler command.
🚣 3 commands executed successfully.
┌───────────────────────────────────────────────────────┬────────┐
│ name                                                  │ status │
├───────────────────────────────────────────────────────┼────────┤
│ 0001_foundation.sql                                   │ ✅     │
├───────────────────────────────────────────────────────┼────────┤
│ 0002_rooms_guests_holds.sql                           │ ✅     │
├───────────────────────────────────────────────────────┼────────┤
│ 0003_bookings.sql                                     │ ✅     │
├───────────────────────────────────────────────────────┼────────┤
│ 0004_booking_claim_fk.sql                             │ ✅     │
├───────────────────────────────────────────────────────┼────────┤
│ 0005_reception_lifecycle.sql                          │ ✅     │
├───────────────────────────────────────────────────────┼────────┤
│ 0006_lifecycle_transition_guards.sql                  │ ✅     │
├───────────────────────────────────────────────────────┼────────┤
│ 0007_lifecycle_atomic_guards.sql                      │ ✅     │
├───────────────────────────────────────────────────────┼────────┤
│ 0008_lifecycle_domain_parity.sql                      │ ✅     │
├───────────────────────────────────────────────────────┼────────┤
│ 0009_housekeeping_maintenance.sql                     │ ✅     │
├───────────────────────────────────────────────────────┼────────┤
│ 0010_billing.sql                                      │ ✅     │
├───────────────────────────────────────────────────────┼────────┤
│ 0011_cash_closure_audit.sql                           │ ✅     │
├───────────────────────────────────────────────────────┼────────┤
│ 0012_cash_closure_operation_token.sql                 │ ✅     │
├───────────────────────────────────────────────────────┼────────┤
│ 0013_noshow_reporting_parity.sql                      │ ✅     │
├───────────────────────────────────────────────────────┼────────┤
│ 0014_migration_source_parity.sql                      │ ✅     │
├───────────────────────────────────────────────────────┼────────┤
│ 0015_payment_operation_token.sql                      │ ✅     │
├───────────────────────────────────────────────────────┼────────┤
│ 0016_payment_operation_token_scope.sql                │ 🕒️    │
├───────────────────────────────────────────────────────┼────────┤
│ 0017_reporting_indexes.sql                            │ 🕒️    │
├───────────────────────────────────────────────────────┼────────┤
│ 0018_agent_mutation_provenance.sql                    │ 🕒️    │
├───────────────────────────────────────────────────────┼────────┤
│ 0019_billing_reconciliation.sql                       │ 🕒️    │
├───────────────────────────────────────────────────────┼────────┤
│ 0020_maintenance_impact.sql                           │ 🕒️    │
├───────────────────────────────────────────────────────┼────────┤
│ 0021_reassignment_remaining_nights.sql                │ 🕒️    │
├───────────────────────────────────────────────────────┼────────┤
│ 0022_room_state_dimensions.sql                        │ 🕒️    │
├───────────────────────────────────────────────────────┼────────┤
│ 0023_room_state_command_guards.sql                    │ 🕒️    │
├───────────────────────────────────────────────────────┼────────┤
│ 0024_reassignment_interval_room_versions.sql          │ 🕒️    │
├───────────────────────────────────────────────────────┼────────┤
│ 0025_segmented_stay_pricing.sql                       │ 🕒️    │
├───────────────────────────────────────────────────────┼────────┤
│ 0026_active_stay_pricing_bootstrap_shadow.sql         │ 🕒️    │
├───────────────────────────────────────────────────────┼────────┤
│ 0027_active_stay_bootstrap_segment_snapshot_guard.sql │ 🕒️    │
├───────────────────────────────────────────────────────┼────────┤
│ 0028_checkout_settlement_guard.sql                    │ 🕒️    │
├───────────────────────────────────────────────────────┼────────┤
│ 0029_reservation_creation_recovery.sql                │ 🕒️    │
├───────────────────────────────────────────────────────┼────────┤
│ 0030_extra_charge_operation_identity.sql              │ 🕒️    │
└───────────────────────────────────────────────────────┴────────┘
🌀 Executing on local database HOTEL_DEMO_DB (00000000-0000-0000-0000-000000000002) from ../../../../../tmp/tmp.3J9jDuCSfk/state/v3/d1:
🌀 To execute on your remote database, add a --remote flag to your wrangler command.
🚣 3 commands executed successfully.
┌───────────────────────────────────────────────────────┬────────┐
│ name                                                  │ status │
├───────────────────────────────────────────────────────┼────────┤
│ 0001_foundation.sql                                   │ ✅     │
├───────────────────────────────────────────────────────┼────────┤
│ 0002_rooms_guests_holds.sql                           │ ✅     │
├───────────────────────────────────────────────────────┼────────┤
│ 0003_bookings.sql                                     │ ✅     │
├───────────────────────────────────────────────────────┼────────┤
│ 0004_booking_claim_fk.sql                             │ ✅     │
├───────────────────────────────────────────────────────┼────────┤
│ 0005_reception_lifecycle.sql                          │ ✅     │
├───────────────────────────────────────────────────────┼────────┤
│ 0006_lifecycle_transition_guards.sql                  │ ✅     │
├───────────────────────────────────────────────────────┼────────┤
│ 0007_lifecycle_atomic_guards.sql                      │ ✅     │
├───────────────────────────────────────────────────────┼────────┤
│ 0008_lifecycle_domain_parity.sql                      │ ✅     │
├───────────────────────────────────────────────────────┼────────┤
│ 0009_housekeeping_maintenance.sql                     │ ✅     │
├───────────────────────────────────────────────────────┼────────┤
│ 0010_billing.sql                                      │ ✅     │
├───────────────────────────────────────────────────────┼────────┤
│ 0011_cash_closure_audit.sql                           │ ✅     │
├───────────────────────────────────────────────────────┼────────┤
│ 0012_cash_closure_operation_token.sql                 │ ✅     │
├───────────────────────────────────────────────────────┼────────┤
│ 0013_noshow_reporting_parity.sql                      │ ✅     │
├───────────────────────────────────────────────────────┼────────┤
│ 0014_migration_source_parity.sql                      │ ✅     │
├───────────────────────────────────────────────────────┼────────┤
│ 0015_payment_operation_token.sql                      │ ✅     │
├───────────────────────────────────────────────────────┼────────┤
│ 0016_payment_operation_token_scope.sql                │ ✅     │
├───────────────────────────────────────────────────────┼────────┤
│ 0017_reporting_indexes.sql                            │ 🕒️    │
├───────────────────────────────────────────────────────┼────────┤
│ 0018_agent_mutation_provenance.sql                    │ 🕒️    │
├───────────────────────────────────────────────────────┼────────┤
│ 0019_billing_reconciliation.sql                       │ 🕒️    │
├───────────────────────────────────────────────────────┼────────┤
│ 0020_maintenance_impact.sql                           │ 🕒️    │
├───────────────────────────────────────────────────────┼────────┤
│ 0021_reassignment_remaining_nights.sql                │ 🕒️    │
├───────────────────────────────────────────────────────┼────────┤
│ 0022_room_state_dimensions.sql                        │ 🕒️    │
├───────────────────────────────────────────────────────┼────────┤
│ 0023_room_state_command_guards.sql                    │ 🕒️    │
├───────────────────────────────────────────────────────┼────────┤
│ 0024_reassignment_interval_room_versions.sql          │ 🕒️    │
├───────────────────────────────────────────────────────┼────────┤
│ 0025_segmented_stay_pricing.sql                       │ 🕒️    │
├───────────────────────────────────────────────────────┼────────┤
│ 0026_active_stay_pricing_bootstrap_shadow.sql         │ 🕒️    │
├───────────────────────────────────────────────────────┼────────┤
│ 0027_active_stay_bootstrap_segment_snapshot_guard.sql │ 🕒️    │
├───────────────────────────────────────────────────────┼────────┤
│ 0028_checkout_settlement_guard.sql                    │ 🕒️    │
├───────────────────────────────────────────────────────┼────────┤
│ 0029_reservation_creation_recovery.sql                │ 🕒️    │
├───────────────────────────────────────────────────────┼────────┤
│ 0030_extra_charge_operation_identity.sql              │ 🕒️    │
└───────────────────────────────────────────────────────┴────────┘
🌀 Executing on local database HOTEL_DEMO_DB (00000000-0000-0000-0000-000000000002) from ../../../../../tmp/tmp.3J9jDuCSfk/state/v3/d1:
🌀 To execute on your remote database, add a --remote flag to your wrangler command.
🚣 3 commands executed successfully.
┌───────────────────────────────────────────────────────┬────────┐
│ name                                                  │ status │
├───────────────────────────────────────────────────────┼────────┤
│ 0001_foundation.sql                                   │ ✅     │
├───────────────────────────────────────────────────────┼────────┤
│ 0002_rooms_guests_holds.sql                           │ ✅     │
├───────────────────────────────────────────────────────┼────────┤
│ 0003_bookings.sql                                     │ ✅     │
├───────────────────────────────────────────────────────┼────────┤
│ 0004_booking_claim_fk.sql                             │ ✅     │
├───────────────────────────────────────────────────────┼────────┤
│ 0005_reception_lifecycle.sql                          │ ✅     │
├───────────────────────────────────────────────────────┼────────┤
│ 0006_lifecycle_transition_guards.sql                  │ ✅     │
├───────────────────────────────────────────────────────┼────────┤
│ 0007_lifecycle_atomic_guards.sql                      │ ✅     │
├───────────────────────────────────────────────────────┼────────┤
│ 0008_lifecycle_domain_parity.sql                      │ ✅     │
├───────────────────────────────────────────────────────┼────────┤
│ 0009_housekeeping_maintenance.sql                     │ ✅     │
├───────────────────────────────────────────────────────┼────────┤
│ 0010_billing.sql                                      │ ✅     │
├───────────────────────────────────────────────────────┼────────┤
│ 0011_cash_closure_audit.sql                           │ ✅     │
├───────────────────────────────────────────────────────┼────────┤
│ 0012_cash_closure_operation_token.sql                 │ ✅     │
├───────────────────────────────────────────────────────┼────────┤
│ 0013_noshow_reporting_parity.sql                      │ ✅     │
├───────────────────────────────────────────────────────┼────────┤
│ 0014_migration_source_parity.sql                      │ ✅     │
├───────────────────────────────────────────────────────┼────────┤
│ 0015_payment_operation_token.sql                      │ ✅     │
├───────────────────────────────────────────────────────┼────────┤
│ 0016_payment_operation_token_scope.sql                │ ✅     │
├───────────────────────────────────────────────────────┼────────┤
│ 0017_reporting_indexes.sql                            │ ✅     │
├───────────────────────────────────────────────────────┼────────┤
│ 0018_agent_mutation_provenance.sql                    │ 🕒️    │
├───────────────────────────────────────────────────────┼────────┤
│ 0019_billing_reconciliation.sql                       │ 🕒️    │
├───────────────────────────────────────────────────────┼────────┤
│ 0020_maintenance_impact.sql                           │ 🕒️    │
├───────────────────────────────────────────────────────┼────────┤
│ 0021_reassignment_remaining_nights.sql                │ 🕒️    │
├───────────────────────────────────────────────────────┼────────┤
│ 0022_room_state_dimensions.sql                        │ 🕒️    │
├───────────────────────────────────────────────────────┼────────┤
│ 0023_room_state_command_guards.sql                    │ 🕒️    │
├───────────────────────────────────────────────────────┼────────┤
│ 0024_reassignment_interval_room_versions.sql          │ 🕒️    │
├───────────────────────────────────────────────────────┼────────┤
│ 0025_segmented_stay_pricing.sql                       │ 🕒️    │
├───────────────────────────────────────────────────────┼────────┤
│ 0026_active_stay_pricing_bootstrap_shadow.sql         │ 🕒️    │
├───────────────────────────────────────────────────────┼────────┤
│ 0027_active_stay_bootstrap_segment_snapshot_guard.sql │ 🕒️    │
├───────────────────────────────────────────────────────┼────────┤
│ 0028_checkout_settlement_guard.sql                    │ 🕒️    │
├───────────────────────────────────────────────────────┼────────┤
│ 0029_reservation_creation_recovery.sql                │ 🕒️    │
├───────────────────────────────────────────────────────┼────────┤
│ 0030_extra_charge_operation_identity.sql              │ 🕒️    │
└───────────────────────────────────────────────────────┴────────┘
🌀 Executing on local database HOTEL_DEMO_DB (00000000-0000-0000-0000-000000000002) from ../../../../../tmp/tmp.3J9jDuCSfk/state/v3/d1:
🌀 To execute on your remote database, add a --remote flag to your wrangler command.
🚣 6 commands executed successfully.
┌───────────────────────────────────────────────────────┬────────┐
│ name                                                  │ status │
├───────────────────────────────────────────────────────┼────────┤
│ 0001_foundation.sql                                   │ ✅     │
├───────────────────────────────────────────────────────┼────────┤
│ 0002_rooms_guests_holds.sql                           │ ✅     │
├───────────────────────────────────────────────────────┼────────┤
│ 0003_bookings.sql                                     │ ✅     │
├───────────────────────────────────────────────────────┼────────┤
│ 0004_booking_claim_fk.sql                             │ ✅     │
├───────────────────────────────────────────────────────┼────────┤
│ 0005_reception_lifecycle.sql                          │ ✅     │
├───────────────────────────────────────────────────────┼────────┤
│ 0006_lifecycle_transition_guards.sql                  │ ✅     │
├───────────────────────────────────────────────────────┼────────┤
│ 0007_lifecycle_atomic_guards.sql                      │ ✅     │
├───────────────────────────────────────────────────────┼────────┤
│ 0008_lifecycle_domain_parity.sql                      │ ✅     │
├───────────────────────────────────────────────────────┼────────┤
│ 0009_housekeeping_maintenance.sql                     │ ✅     │
├───────────────────────────────────────────────────────┼────────┤
│ 0010_billing.sql                                      │ ✅     │
├───────────────────────────────────────────────────────┼────────┤
│ 0011_cash_closure_audit.sql                           │ ✅     │
├───────────────────────────────────────────────────────┼────────┤
│ 0012_cash_closure_operation_token.sql                 │ ✅     │
├───────────────────────────────────────────────────────┼────────┤
│ 0013_noshow_reporting_parity.sql                      │ ✅     │
├───────────────────────────────────────────────────────┼────────┤
│ 0014_migration_source_parity.sql                      │ ✅     │
├───────────────────────────────────────────────────────┼────────┤
│ 0015_payment_operation_token.sql                      │ ✅     │
├───────────────────────────────────────────────────────┼────────┤
│ 0016_payment_operation_token_scope.sql                │ ✅     │
├───────────────────────────────────────────────────────┼────────┤
│ 0017_reporting_indexes.sql                            │ ✅     │
├───────────────────────────────────────────────────────┼────────┤
│ 0018_agent_mutation_provenance.sql                    │ ✅     │
├───────────────────────────────────────────────────────┼────────┤
│ 0019_billing_reconciliation.sql                       │ 🕒️    │
├───────────────────────────────────────────────────────┼────────┤
│ 0020_maintenance_impact.sql                           │ 🕒️    │
├───────────────────────────────────────────────────────┼────────┤
│ 0021_reassignment_remaining_nights.sql                │ 🕒️    │
├───────────────────────────────────────────────────────┼────────┤
│ 0022_room_state_dimensions.sql                        │ 🕒️    │
├───────────────────────────────────────────────────────┼────────┤
│ 0023_room_state_command_guards.sql                    │ 🕒️    │
├───────────────────────────────────────────────────────┼────────┤
│ 0024_reassignment_interval_room_versions.sql          │ 🕒️    │
├───────────────────────────────────────────────────────┼────────┤
│ 0025_segmented_stay_pricing.sql                       │ 🕒️    │
├───────────────────────────────────────────────────────┼────────┤
│ 0026_active_stay_pricing_bootstrap_shadow.sql         │ 🕒️    │
├───────────────────────────────────────────────────────┼────────┤
│ 0027_active_stay_bootstrap_segment_snapshot_guard.sql │ 🕒️    │
├───────────────────────────────────────────────────────┼────────┤
│ 0028_checkout_settlement_guard.sql                    │ 🕒️    │
├───────────────────────────────────────────────────────┼────────┤
│ 0029_reservation_creation_recovery.sql                │ 🕒️    │
├───────────────────────────────────────────────────────┼────────┤
│ 0030_extra_charge_operation_identity.sql              │ 🕒️    │
└───────────────────────────────────────────────────────┴────────┘
🌀 Executing on local database HOTEL_DEMO_DB (00000000-0000-0000-0000-000000000002) from ../../../../../tmp/tmp.3J9jDuCSfk/state/v3/d1:
🌀 To execute on your remote database, add a --remote flag to your wrangler command.
🚣 13 commands executed successfully.
┌───────────────────────────────────────────────────────┬────────┐
│ name                                                  │ status │
├───────────────────────────────────────────────────────┼────────┤
│ 0001_foundation.sql                                   │ ✅     │
├───────────────────────────────────────────────────────┼────────┤
│ 0002_rooms_guests_holds.sql                           │ ✅     │
├───────────────────────────────────────────────────────┼────────┤
│ 0003_bookings.sql                                     │ ✅     │
├───────────────────────────────────────────────────────┼────────┤
│ 0004_booking_claim_fk.sql                             │ ✅     │
├───────────────────────────────────────────────────────┼────────┤
│ 0005_reception_lifecycle.sql                          │ ✅     │
├───────────────────────────────────────────────────────┼────────┤
│ 0006_lifecycle_transition_guards.sql                  │ ✅     │
├───────────────────────────────────────────────────────┼────────┤
│ 0007_lifecycle_atomic_guards.sql                      │ ✅     │
├───────────────────────────────────────────────────────┼────────┤
│ 0008_lifecycle_domain_parity.sql                      │ ✅     │
├───────────────────────────────────────────────────────┼────────┤
│ 0009_housekeeping_maintenance.sql                     │ ✅     │
├───────────────────────────────────────────────────────┼────────┤
│ 0010_billing.sql                                      │ ✅     │
├───────────────────────────────────────────────────────┼────────┤
│ 0011_cash_closure_audit.sql                           │ ✅     │
├───────────────────────────────────────────────────────┼────────┤
│ 0012_cash_closure_operation_token.sql                 │ ✅     │
├───────────────────────────────────────────────────────┼────────┤
│ 0013_noshow_reporting_parity.sql                      │ ✅     │
├───────────────────────────────────────────────────────┼────────┤
│ 0014_migration_source_parity.sql                      │ ✅     │
├───────────────────────────────────────────────────────┼────────┤
│ 0015_payment_operation_token.sql                      │ ✅     │
├───────────────────────────────────────────────────────┼────────┤
│ 0016_payment_operation_token_scope.sql                │ ✅     │
├───────────────────────────────────────────────────────┼────────┤
│ 0017_reporting_indexes.sql                            │ ✅     │
├───────────────────────────────────────────────────────┼────────┤
│ 0018_agent_mutation_provenance.sql                    │ ✅     │
├───────────────────────────────────────────────────────┼────────┤
│ 0019_billing_reconciliation.sql                       │ ✅     │
├───────────────────────────────────────────────────────┼────────┤
│ 0020_maintenance_impact.sql                           │ 🕒️    │
├───────────────────────────────────────────────────────┼────────┤
│ 0021_reassignment_remaining_nights.sql                │ 🕒️    │
├───────────────────────────────────────────────────────┼────────┤
│ 0022_room_state_dimensions.sql                        │ 🕒️    │
├───────────────────────────────────────────────────────┼────────┤
│ 0023_room_state_command_guards.sql                    │ 🕒️    │
├───────────────────────────────────────────────────────┼────────┤
│ 0024_reassignment_interval_room_versions.sql          │ 🕒️    │
├───────────────────────────────────────────────────────┼────────┤
│ 0025_segmented_stay_pricing.sql                       │ 🕒️    │
├───────────────────────────────────────────────────────┼────────┤
│ 0026_active_stay_pricing_bootstrap_shadow.sql         │ 🕒️    │
├───────────────────────────────────────────────────────┼────────┤
│ 0027_active_stay_bootstrap_segment_snapshot_guard.sql │ 🕒️    │
├───────────────────────────────────────────────────────┼────────┤
│ 0028_checkout_settlement_guard.sql                    │ 🕒️    │
├───────────────────────────────────────────────────────┼────────┤
│ 0029_reservation_creation_recovery.sql                │ 🕒️    │
├───────────────────────────────────────────────────────┼────────┤
│ 0030_extra_charge_operation_identity.sql              │ 🕒️    │
└───────────────────────────────────────────────────────┴────────┘
🌀 Executing on local database HOTEL_DEMO_DB (00000000-0000-0000-0000-000000000002) from ../../../../../tmp/tmp.3J9jDuCSfk/state/v3/d1:
🌀 To execute on your remote database, add a --remote flag to your wrangler command.
🚣 9 commands executed successfully.
┌───────────────────────────────────────────────────────┬────────┐
│ name                                                  │ status │
├───────────────────────────────────────────────────────┼────────┤
│ 0001_foundation.sql                                   │ ✅     │
├───────────────────────────────────────────────────────┼────────┤
│ 0002_rooms_guests_holds.sql                           │ ✅     │
├───────────────────────────────────────────────────────┼────────┤
│ 0003_bookings.sql                                     │ ✅     │
├───────────────────────────────────────────────────────┼────────┤
│ 0004_booking_claim_fk.sql                             │ ✅     │
├───────────────────────────────────────────────────────┼────────┤
│ 0005_reception_lifecycle.sql                          │ ✅     │
├───────────────────────────────────────────────────────┼────────┤
│ 0006_lifecycle_transition_guards.sql                  │ ✅     │
├───────────────────────────────────────────────────────┼────────┤
│ 0007_lifecycle_atomic_guards.sql                      │ ✅     │
├───────────────────────────────────────────────────────┼────────┤
│ 0008_lifecycle_domain_parity.sql                      │ ✅     │
├───────────────────────────────────────────────────────┼────────┤
│ 0009_housekeeping_maintenance.sql                     │ ✅     │
├───────────────────────────────────────────────────────┼────────┤
│ 0010_billing.sql                                      │ ✅     │
├───────────────────────────────────────────────────────┼────────┤
│ 0011_cash_closure_audit.sql                           │ ✅     │
├───────────────────────────────────────────────────────┼────────┤
│ 0012_cash_closure_operation_token.sql                 │ ✅     │
├───────────────────────────────────────────────────────┼────────┤
│ 0013_noshow_reporting_parity.sql                      │ ✅     │
├───────────────────────────────────────────────────────┼────────┤
│ 0014_migration_source_parity.sql                      │ ✅     │
├───────────────────────────────────────────────────────┼────────┤
│ 0015_payment_operation_token.sql                      │ ✅     │
├───────────────────────────────────────────────────────┼────────┤
│ 0016_payment_operation_token_scope.sql                │ ✅     │
├───────────────────────────────────────────────────────┼────────┤
│ 0017_reporting_indexes.sql                            │ ✅     │
├───────────────────────────────────────────────────────┼────────┤
│ 0018_agent_mutation_provenance.sql                    │ ✅     │
├───────────────────────────────────────────────────────┼────────┤
│ 0019_billing_reconciliation.sql                       │ ✅     │
├───────────────────────────────────────────────────────┼────────┤
│ 0020_maintenance_impact.sql                           │ ✅     │
├───────────────────────────────────────────────────────┼────────┤
│ 0021_reassignment_remaining_nights.sql                │ 🕒️    │
├───────────────────────────────────────────────────────┼────────┤
│ 0022_room_state_dimensions.sql                        │ 🕒️    │
├───────────────────────────────────────────────────────┼────────┤
│ 0023_room_state_command_guards.sql                    │ 🕒️    │
├───────────────────────────────────────────────────────┼────────┤
│ 0024_reassignment_interval_room_versions.sql          │ 🕒️    │
├───────────────────────────────────────────────────────┼────────┤
│ 0025_segmented_stay_pricing.sql                       │ 🕒️    │
├───────────────────────────────────────────────────────┼────────┤
│ 0026_active_stay_pricing_bootstrap_shadow.sql         │ 🕒️    │
├───────────────────────────────────────────────────────┼────────┤
│ 0027_active_stay_bootstrap_segment_snapshot_guard.sql │ 🕒️    │
├───────────────────────────────────────────────────────┼────────┤
│ 0028_checkout_settlement_guard.sql                    │ 🕒️    │
├───────────────────────────────────────────────────────┼────────┤
│ 0029_reservation_creation_recovery.sql                │ 🕒️    │
├───────────────────────────────────────────────────────┼────────┤
│ 0030_extra_charge_operation_identity.sql              │ 🕒️    │
└───────────────────────────────────────────────────────┴────────┘
🌀 Executing on local database HOTEL_DEMO_DB (00000000-0000-0000-0000-000000000002) from ../../../../../tmp/tmp.3J9jDuCSfk/state/v3/d1:
🌀 To execute on your remote database, add a --remote flag to your wrangler command.
🚣 3 commands executed successfully.
┌───────────────────────────────────────────────────────┬────────┐
│ name                                                  │ status │
├───────────────────────────────────────────────────────┼────────┤
│ 0001_foundation.sql                                   │ ✅     │
├───────────────────────────────────────────────────────┼────────┤
│ 0002_rooms_guests_holds.sql                           │ ✅     │
├───────────────────────────────────────────────────────┼────────┤
│ 0003_bookings.sql                                     │ ✅     │
├───────────────────────────────────────────────────────┼────────┤
│ 0004_booking_claim_fk.sql                             │ ✅     │
├───────────────────────────────────────────────────────┼────────┤
│ 0005_reception_lifecycle.sql                          │ ✅     │
├───────────────────────────────────────────────────────┼────────┤
│ 0006_lifecycle_transition_guards.sql                  │ ✅     │
├───────────────────────────────────────────────────────┼────────┤
│ 0007_lifecycle_atomic_guards.sql                      │ ✅     │
├───────────────────────────────────────────────────────┼────────┤
│ 0008_lifecycle_domain_parity.sql                      │ ✅     │
├───────────────────────────────────────────────────────┼────────┤
│ 0009_housekeeping_maintenance.sql                     │ ✅     │
├───────────────────────────────────────────────────────┼────────┤
│ 0010_billing.sql                                      │ ✅     │
├───────────────────────────────────────────────────────┼────────┤
│ 0011_cash_closure_audit.sql                           │ ✅     │
├───────────────────────────────────────────────────────┼────────┤
│ 0012_cash_closure_operation_token.sql                 │ ✅     │
├───────────────────────────────────────────────────────┼────────┤
│ 0013_noshow_reporting_parity.sql                      │ ✅     │
├───────────────────────────────────────────────────────┼────────┤
│ 0014_migration_source_parity.sql                      │ ✅     │
├───────────────────────────────────────────────────────┼────────┤
│ 0015_payment_operation_token.sql                      │ ✅     │
├───────────────────────────────────────────────────────┼────────┤
│ 0016_payment_operation_token_scope.sql                │ ✅     │
├───────────────────────────────────────────────────────┼────────┤
│ 0017_reporting_indexes.sql                            │ ✅     │
├───────────────────────────────────────────────────────┼────────┤
│ 0018_agent_mutation_provenance.sql                    │ ✅     │
├───────────────────────────────────────────────────────┼────────┤
│ 0019_billing_reconciliation.sql                       │ ✅     │
├───────────────────────────────────────────────────────┼────────┤
│ 0020_maintenance_impact.sql                           │ ✅     │
├───────────────────────────────────────────────────────┼────────┤
│ 0021_reassignment_remaining_nights.sql                │ ✅     │
├───────────────────────────────────────────────────────┼────────┤
│ 0022_room_state_dimensions.sql                        │ 🕒️    │
├───────────────────────────────────────────────────────┼────────┤
│ 0023_room_state_command_guards.sql                    │ 🕒️    │
├───────────────────────────────────────────────────────┼────────┤
│ 0024_reassignment_interval_room_versions.sql          │ 🕒️    │
├───────────────────────────────────────────────────────┼────────┤
│ 0025_segmented_stay_pricing.sql                       │ 🕒️    │
├───────────────────────────────────────────────────────┼────────┤
│ 0026_active_stay_pricing_bootstrap_shadow.sql         │ 🕒️    │
├───────────────────────────────────────────────────────┼────────┤
│ 0027_active_stay_bootstrap_segment_snapshot_guard.sql │ 🕒️    │
├───────────────────────────────────────────────────────┼────────┤
│ 0028_checkout_settlement_guard.sql                    │ 🕒️    │
├───────────────────────────────────────────────────────┼────────┤
│ 0029_reservation_creation_recovery.sql                │ 🕒️    │
├───────────────────────────────────────────────────────┼────────┤
│ 0030_extra_charge_operation_identity.sql              │ 🕒️    │
└───────────────────────────────────────────────────────┴────────┘
🌀 Executing on local database HOTEL_DEMO_DB (00000000-0000-0000-0000-000000000002) from ../../../../../tmp/tmp.3J9jDuCSfk/state/v3/d1:
🌀 To execute on your remote database, add a --remote flag to your wrangler command.
🚣 5 commands executed successfully.
┌───────────────────────────────────────────────────────┬────────┐
│ name                                                  │ status │
├───────────────────────────────────────────────────────┼────────┤
│ 0001_foundation.sql                                   │ ✅     │
├───────────────────────────────────────────────────────┼────────┤
│ 0002_rooms_guests_holds.sql                           │ ✅     │
├───────────────────────────────────────────────────────┼────────┤
│ 0003_bookings.sql                                     │ ✅     │
├───────────────────────────────────────────────────────┼────────┤
│ 0004_booking_claim_fk.sql                             │ ✅     │
├───────────────────────────────────────────────────────┼────────┤
│ 0005_reception_lifecycle.sql                          │ ✅     │
├───────────────────────────────────────────────────────┼────────┤
│ 0006_lifecycle_transition_guards.sql                  │ ✅     │
├───────────────────────────────────────────────────────┼────────┤
│ 0007_lifecycle_atomic_guards.sql                      │ ✅     │
├───────────────────────────────────────────────────────┼────────┤
│ 0008_lifecycle_domain_parity.sql                      │ ✅     │
├───────────────────────────────────────────────────────┼────────┤
│ 0009_housekeeping_maintenance.sql                     │ ✅     │
├───────────────────────────────────────────────────────┼────────┤
│ 0010_billing.sql                                      │ ✅     │
├───────────────────────────────────────────────────────┼────────┤
│ 0011_cash_closure_audit.sql                           │ ✅     │
├───────────────────────────────────────────────────────┼────────┤
│ 0012_cash_closure_operation_token.sql                 │ ✅     │
├───────────────────────────────────────────────────────┼────────┤
│ 0013_noshow_reporting_parity.sql                      │ ✅     │
├───────────────────────────────────────────────────────┼────────┤
│ 0014_migration_source_parity.sql                      │ ✅     │
├───────────────────────────────────────────────────────┼────────┤
│ 0015_payment_operation_token.sql                      │ ✅     │
├───────────────────────────────────────────────────────┼────────┤
│ 0016_payment_operation_token_scope.sql                │ ✅     │
├───────────────────────────────────────────────────────┼────────┤
│ 0017_reporting_indexes.sql                            │ ✅     │
├───────────────────────────────────────────────────────┼────────┤
│ 0018_agent_mutation_provenance.sql                    │ ✅     │
├───────────────────────────────────────────────────────┼────────┤
│ 0019_billing_reconciliation.sql                       │ ✅     │
├───────────────────────────────────────────────────────┼────────┤
│ 0020_maintenance_impact.sql                           │ ✅     │
├───────────────────────────────────────────────────────┼────────┤
│ 0021_reassignment_remaining_nights.sql                │ ✅     │
├───────────────────────────────────────────────────────┼────────┤
│ 0022_room_state_dimensions.sql                        │ ✅     │
├───────────────────────────────────────────────────────┼────────┤
│ 0023_room_state_command_guards.sql                    │ 🕒️    │
├───────────────────────────────────────────────────────┼────────┤
│ 0024_reassignment_interval_room_versions.sql          │ 🕒️    │
├───────────────────────────────────────────────────────┼────────┤
│ 0025_segmented_stay_pricing.sql                       │ 🕒️    │
├───────────────────────────────────────────────────────┼────────┤
│ 0026_active_stay_pricing_bootstrap_shadow.sql         │ 🕒️    │
├───────────────────────────────────────────────────────┼────────┤
│ 0027_active_stay_bootstrap_segment_snapshot_guard.sql │ 🕒️    │
├───────────────────────────────────────────────────────┼────────┤
│ 0028_checkout_settlement_guard.sql                    │ 🕒️    │
├───────────────────────────────────────────────────────┼────────┤
│ 0029_reservation_creation_recovery.sql                │ 🕒️    │
├───────────────────────────────────────────────────────┼────────┤
│ 0030_extra_charge_operation_identity.sql              │ 🕒️    │
└───────────────────────────────────────────────────────┴────────┘
🌀 Executing on local database HOTEL_DEMO_DB (00000000-0000-0000-0000-000000000002) from ../../../../../tmp/tmp.3J9jDuCSfk/state/v3/d1:
🌀 To execute on your remote database, add a --remote flag to your wrangler command.
🚣 7 commands executed successfully.
┌───────────────────────────────────────────────────────┬────────┐
│ name                                                  │ status │
├───────────────────────────────────────────────────────┼────────┤
│ 0001_foundation.sql                                   │ ✅     │
├───────────────────────────────────────────────────────┼────────┤
│ 0002_rooms_guests_holds.sql                           │ ✅     │
├───────────────────────────────────────────────────────┼────────┤
│ 0003_bookings.sql                                     │ ✅     │
├───────────────────────────────────────────────────────┼────────┤
│ 0004_booking_claim_fk.sql                             │ ✅     │
├───────────────────────────────────────────────────────┼────────┤
│ 0005_reception_lifecycle.sql                          │ ✅     │
├───────────────────────────────────────────────────────┼────────┤
│ 0006_lifecycle_transition_guards.sql                  │ ✅     │
├───────────────────────────────────────────────────────┼────────┤
│ 0007_lifecycle_atomic_guards.sql                      │ ✅     │
├───────────────────────────────────────────────────────┼────────┤
│ 0008_lifecycle_domain_parity.sql                      │ ✅     │
├───────────────────────────────────────────────────────┼────────┤
│ 0009_housekeeping_maintenance.sql                     │ ✅     │
├───────────────────────────────────────────────────────┼────────┤
│ 0010_billing.sql                                      │ ✅     │
├───────────────────────────────────────────────────────┼────────┤
│ 0011_cash_closure_audit.sql                           │ ✅     │
├───────────────────────────────────────────────────────┼────────┤
│ 0012_cash_closure_operation_token.sql                 │ ✅     │
├───────────────────────────────────────────────────────┼────────┤
│ 0013_noshow_reporting_parity.sql                      │ ✅     │
├───────────────────────────────────────────────────────┼────────┤
│ 0014_migration_source_parity.sql                      │ ✅     │
├───────────────────────────────────────────────────────┼────────┤
│ 0015_payment_operation_token.sql                      │ ✅     │
├───────────────────────────────────────────────────────┼────────┤
│ 0016_payment_operation_token_scope.sql                │ ✅     │
├───────────────────────────────────────────────────────┼────────┤
│ 0017_reporting_indexes.sql                            │ ✅     │
├───────────────────────────────────────────────────────┼────────┤
│ 0018_agent_mutation_provenance.sql                    │ ✅     │
├───────────────────────────────────────────────────────┼────────┤
│ 0019_billing_reconciliation.sql                       │ ✅     │
├───────────────────────────────────────────────────────┼────────┤
│ 0020_maintenance_impact.sql                           │ ✅     │
├───────────────────────────────────────────────────────┼────────┤
│ 0021_reassignment_remaining_nights.sql                │ ✅     │
├───────────────────────────────────────────────────────┼────────┤
│ 0022_room_state_dimensions.sql                        │ ✅     │
├───────────────────────────────────────────────────────┼────────┤
│ 0023_room_state_command_guards.sql                    │ ✅     │
├───────────────────────────────────────────────────────┼────────┤
│ 0024_reassignment_interval_room_versions.sql          │ 🕒️    │
├───────────────────────────────────────────────────────┼────────┤
│ 0025_segmented_stay_pricing.sql                       │ 🕒️    │
├───────────────────────────────────────────────────────┼────────┤
│ 0026_active_stay_pricing_bootstrap_shadow.sql         │ 🕒️    │
├───────────────────────────────────────────────────────┼────────┤
│ 0027_active_stay_bootstrap_segment_snapshot_guard.sql │ 🕒️    │
├───────────────────────────────────────────────────────┼────────┤
│ 0028_checkout_settlement_guard.sql                    │ 🕒️    │
├───────────────────────────────────────────────────────┼────────┤
│ 0029_reservation_creation_recovery.sql                │ 🕒️    │
├───────────────────────────────────────────────────────┼────────┤
│ 0030_extra_charge_operation_identity.sql              │ 🕒️    │
└───────────────────────────────────────────────────────┴────────┘
🌀 Executing on local database HOTEL_DEMO_DB (00000000-0000-0000-0000-000000000002) from ../../../../../tmp/tmp.3J9jDuCSfk/state/v3/d1:
🌀 To execute on your remote database, add a --remote flag to your wrangler command.
🚣 23 commands executed successfully.
┌───────────────────────────────────────────────────────┬────────┐
│ name                                                  │ status │
├───────────────────────────────────────────────────────┼────────┤
│ 0001_foundation.sql                                   │ ✅     │
├───────────────────────────────────────────────────────┼────────┤
│ 0002_rooms_guests_holds.sql                           │ ✅     │
├───────────────────────────────────────────────────────┼────────┤
│ 0003_bookings.sql                                     │ ✅     │
├───────────────────────────────────────────────────────┼────────┤
│ 0004_booking_claim_fk.sql                             │ ✅     │
├───────────────────────────────────────────────────────┼────────┤
│ 0005_reception_lifecycle.sql                          │ ✅     │
├───────────────────────────────────────────────────────┼────────┤
│ 0006_lifecycle_transition_guards.sql                  │ ✅     │
├───────────────────────────────────────────────────────┼────────┤
│ 0007_lifecycle_atomic_guards.sql                      │ ✅     │
├───────────────────────────────────────────────────────┼────────┤
│ 0008_lifecycle_domain_parity.sql                      │ ✅     │
├───────────────────────────────────────────────────────┼────────┤
│ 0009_housekeeping_maintenance.sql                     │ ✅     │
├───────────────────────────────────────────────────────┼────────┤
│ 0010_billing.sql                                      │ ✅     │
├───────────────────────────────────────────────────────┼────────┤
│ 0011_cash_closure_audit.sql                           │ ✅     │
├───────────────────────────────────────────────────────┼────────┤
│ 0012_cash_closure_operation_token.sql                 │ ✅     │
├───────────────────────────────────────────────────────┼────────┤
│ 0013_noshow_reporting_parity.sql                      │ ✅     │
├───────────────────────────────────────────────────────┼────────┤
│ 0014_migration_source_parity.sql                      │ ✅     │
├───────────────────────────────────────────────────────┼────────┤
│ 0015_payment_operation_token.sql                      │ ✅     │
├───────────────────────────────────────────────────────┼────────┤
│ 0016_payment_operation_token_scope.sql                │ ✅     │
├───────────────────────────────────────────────────────┼────────┤
│ 0017_reporting_indexes.sql                            │ ✅     │
├───────────────────────────────────────────────────────┼────────┤
│ 0018_agent_mutation_provenance.sql                    │ ✅     │
├───────────────────────────────────────────────────────┼────────┤
│ 0019_billing_reconciliation.sql                       │ ✅     │
├───────────────────────────────────────────────────────┼────────┤
│ 0020_maintenance_impact.sql                           │ ✅     │
├───────────────────────────────────────────────────────┼────────┤
│ 0021_reassignment_remaining_nights.sql                │ ✅     │
├───────────────────────────────────────────────────────┼────────┤
│ 0022_room_state_dimensions.sql                        │ ✅     │
├───────────────────────────────────────────────────────┼────────┤
│ 0023_room_state_command_guards.sql                    │ ✅     │
├───────────────────────────────────────────────────────┼────────┤
│ 0024_reassignment_interval_room_versions.sql          │ ✅     │
├───────────────────────────────────────────────────────┼────────┤
│ 0025_segmented_stay_pricing.sql                       │ 🕒️    │
├───────────────────────────────────────────────────────┼────────┤
│ 0026_active_stay_pricing_bootstrap_shadow.sql         │ 🕒️    │
├───────────────────────────────────────────────────────┼────────┤
│ 0027_active_stay_bootstrap_segment_snapshot_guard.sql │ 🕒️    │
├───────────────────────────────────────────────────────┼────────┤
│ 0028_checkout_settlement_guard.sql                    │ 🕒️    │
├───────────────────────────────────────────────────────┼────────┤
│ 0029_reservation_creation_recovery.sql                │ 🕒️    │
├───────────────────────────────────────────────────────┼────────┤
│ 0030_extra_charge_operation_identity.sql              │ 🕒️    │
└───────────────────────────────────────────────────────┴────────┘
🌀 Executing on local database HOTEL_DEMO_DB (00000000-0000-0000-0000-000000000002) from ../../../../../tmp/tmp.3J9jDuCSfk/state/v3/d1:
🌀 To execute on your remote database, add a --remote flag to your wrangler command.
🚣 23 commands executed successfully.
┌───────────────────────────────────────────────────────┬────────┐
│ name                                                  │ status │
├───────────────────────────────────────────────────────┼────────┤
│ 0001_foundation.sql                                   │ ✅     │
├───────────────────────────────────────────────────────┼────────┤
│ 0002_rooms_guests_holds.sql                           │ ✅     │
├───────────────────────────────────────────────────────┼────────┤
│ 0003_bookings.sql                                     │ ✅     │
├───────────────────────────────────────────────────────┼────────┤
│ 0004_booking_claim_fk.sql                             │ ✅     │
├───────────────────────────────────────────────────────┼────────┤
│ 0005_reception_lifecycle.sql                          │ ✅     │
├───────────────────────────────────────────────────────┼────────┤
│ 0006_lifecycle_transition_guards.sql                  │ ✅     │
├───────────────────────────────────────────────────────┼────────┤
│ 0007_lifecycle_atomic_guards.sql                      │ ✅     │
├───────────────────────────────────────────────────────┼────────┤
│ 0008_lifecycle_domain_parity.sql                      │ ✅     │
├───────────────────────────────────────────────────────┼────────┤
│ 0009_housekeeping_maintenance.sql                     │ ✅     │
├───────────────────────────────────────────────────────┼────────┤
│ 0010_billing.sql                                      │ ✅     │
├───────────────────────────────────────────────────────┼────────┤
│ 0011_cash_closure_audit.sql                           │ ✅     │
├───────────────────────────────────────────────────────┼────────┤
│ 0012_cash_closure_operation_token.sql                 │ ✅     │
├───────────────────────────────────────────────────────┼────────┤
│ 0013_noshow_reporting_parity.sql                      │ ✅     │
├───────────────────────────────────────────────────────┼────────┤
│ 0014_migration_source_parity.sql                      │ ✅     │
├───────────────────────────────────────────────────────┼────────┤
│ 0015_payment_operation_token.sql                      │ ✅     │
├───────────────────────────────────────────────────────┼────────┤
│ 0016_payment_operation_token_scope.sql                │ ✅     │
├───────────────────────────────────────────────────────┼────────┤
│ 0017_reporting_indexes.sql                            │ ✅     │
├───────────────────────────────────────────────────────┼────────┤
│ 0018_agent_mutation_provenance.sql                    │ ✅     │
├───────────────────────────────────────────────────────┼────────┤
│ 0019_billing_reconciliation.sql                       │ ✅     │
├───────────────────────────────────────────────────────┼────────┤
│ 0020_maintenance_impact.sql                           │ ✅     │
├───────────────────────────────────────────────────────┼────────┤
│ 0021_reassignment_remaining_nights.sql                │ ✅     │
├───────────────────────────────────────────────────────┼────────┤
│ 0022_room_state_dimensions.sql                        │ ✅     │
├───────────────────────────────────────────────────────┼────────┤
│ 0023_room_state_command_guards.sql                    │ ✅     │
├───────────────────────────────────────────────────────┼────────┤
│ 0024_reassignment_interval_room_versions.sql          │ ✅     │
├───────────────────────────────────────────────────────┼────────┤
│ 0025_segmented_stay_pricing.sql                       │ ✅     │
├───────────────────────────────────────────────────────┼────────┤
│ 0026_active_stay_pricing_bootstrap_shadow.sql         │ 🕒️    │
├───────────────────────────────────────────────────────┼────────┤
│ 0027_active_stay_bootstrap_segment_snapshot_guard.sql │ 🕒️    │
├───────────────────────────────────────────────────────┼────────┤
│ 0028_checkout_settlement_guard.sql                    │ 🕒️    │
├───────────────────────────────────────────────────────┼────────┤
│ 0029_reservation_creation_recovery.sql                │ 🕒️    │
├───────────────────────────────────────────────────────┼────────┤
│ 0030_extra_charge_operation_identity.sql              │ 🕒️    │
└───────────────────────────────────────────────────────┴────────┘
🌀 Executing on local database HOTEL_DEMO_DB (00000000-0000-0000-0000-000000000002) from ../../../../../tmp/tmp.3J9jDuCSfk/state/v3/d1:
🌀 To execute on your remote database, add a --remote flag to your wrangler command.
🚣 30 commands executed successfully.
┌───────────────────────────────────────────────────────┬────────┐
│ name                                                  │ status │
├───────────────────────────────────────────────────────┼────────┤
│ 0001_foundation.sql                                   │ ✅     │
├───────────────────────────────────────────────────────┼────────┤
│ 0002_rooms_guests_holds.sql                           │ ✅     │
├───────────────────────────────────────────────────────┼────────┤
│ 0003_bookings.sql                                     │ ✅     │
├───────────────────────────────────────────────────────┼────────┤
│ 0004_booking_claim_fk.sql                             │ ✅     │
├───────────────────────────────────────────────────────┼────────┤
│ 0005_reception_lifecycle.sql                          │ ✅     │
├───────────────────────────────────────────────────────┼────────┤
│ 0006_lifecycle_transition_guards.sql                  │ ✅     │
├───────────────────────────────────────────────────────┼────────┤
│ 0007_lifecycle_atomic_guards.sql                      │ ✅     │
├───────────────────────────────────────────────────────┼────────┤
│ 0008_lifecycle_domain_parity.sql                      │ ✅     │
├───────────────────────────────────────────────────────┼────────┤
│ 0009_housekeeping_maintenance.sql                     │ ✅     │
├───────────────────────────────────────────────────────┼────────┤
│ 0010_billing.sql                                      │ ✅     │
├───────────────────────────────────────────────────────┼────────┤
│ 0011_cash_closure_audit.sql                           │ ✅     │
├───────────────────────────────────────────────────────┼────────┤
│ 0012_cash_closure_operation_token.sql                 │ ✅     │
├───────────────────────────────────────────────────────┼────────┤
│ 0013_noshow_reporting_parity.sql                      │ ✅     │
├───────────────────────────────────────────────────────┼────────┤
│ 0014_migration_source_parity.sql                      │ ✅     │
├───────────────────────────────────────────────────────┼────────┤
│ 0015_payment_operation_token.sql                      │ ✅     │
├───────────────────────────────────────────────────────┼────────┤
│ 0016_payment_operation_token_scope.sql                │ ✅     │
├───────────────────────────────────────────────────────┼────────┤
│ 0017_reporting_indexes.sql                            │ ✅     │
├───────────────────────────────────────────────────────┼────────┤
│ 0018_agent_mutation_provenance.sql                    │ ✅     │
├───────────────────────────────────────────────────────┼────────┤
│ 0019_billing_reconciliation.sql                       │ ✅     │
├───────────────────────────────────────────────────────┼────────┤
│ 0020_maintenance_impact.sql                           │ ✅     │
├───────────────────────────────────────────────────────┼────────┤
│ 0021_reassignment_remaining_nights.sql                │ ✅     │
├───────────────────────────────────────────────────────┼────────┤
│ 0022_room_state_dimensions.sql                        │ ✅     │
├───────────────────────────────────────────────────────┼────────┤
│ 0023_room_state_command_guards.sql                    │ ✅     │
├───────────────────────────────────────────────────────┼────────┤
│ 0024_reassignment_interval_room_versions.sql          │ ✅     │
├───────────────────────────────────────────────────────┼────────┤
│ 0025_segmented_stay_pricing.sql                       │ ✅     │
├───────────────────────────────────────────────────────┼────────┤
│ 0026_active_stay_pricing_bootstrap_shadow.sql         │ ✅     │
├───────────────────────────────────────────────────────┼────────┤
│ 0027_active_stay_bootstrap_segment_snapshot_guard.sql │ 🕒️    │
├───────────────────────────────────────────────────────┼────────┤
│ 0028_checkout_settlement_guard.sql                    │ 🕒️    │
├───────────────────────────────────────────────────────┼────────┤
│ 0029_reservation_creation_recovery.sql                │ 🕒️    │
├───────────────────────────────────────────────────────┼────────┤
│ 0030_extra_charge_operation_identity.sql              │ 🕒️    │
└───────────────────────────────────────────────────────┴────────┘
🌀 Executing on local database HOTEL_DEMO_DB (00000000-0000-0000-0000-000000000002) from ../../../../../tmp/tmp.3J9jDuCSfk/state/v3/d1:
🌀 To execute on your remote database, add a --remote flag to your wrangler command.
🚣 2 commands executed successfully.
┌───────────────────────────────────────────────────────┬────────┐
│ name                                                  │ status │
├───────────────────────────────────────────────────────┼────────┤
│ 0001_foundation.sql                                   │ ✅     │
├───────────────────────────────────────────────────────┼────────┤
│ 0002_rooms_guests_holds.sql                           │ ✅     │
├───────────────────────────────────────────────────────┼────────┤
│ 0003_bookings.sql                                     │ ✅     │
├───────────────────────────────────────────────────────┼────────┤
│ 0004_booking_claim_fk.sql                             │ ✅     │
├───────────────────────────────────────────────────────┼────────┤
│ 0005_reception_lifecycle.sql                          │ ✅     │
├───────────────────────────────────────────────────────┼────────┤
│ 0006_lifecycle_transition_guards.sql                  │ ✅     │
├───────────────────────────────────────────────────────┼────────┤
│ 0007_lifecycle_atomic_guards.sql                      │ ✅     │
├───────────────────────────────────────────────────────┼────────┤
│ 0008_lifecycle_domain_parity.sql                      │ ✅     │
├───────────────────────────────────────────────────────┼────────┤
│ 0009_housekeeping_maintenance.sql                     │ ✅     │
├───────────────────────────────────────────────────────┼────────┤
│ 0010_billing.sql                                      │ ✅     │
├───────────────────────────────────────────────────────┼────────┤
│ 0011_cash_closure_audit.sql                           │ ✅     │
├───────────────────────────────────────────────────────┼────────┤
│ 0012_cash_closure_operation_token.sql                 │ ✅     │
├───────────────────────────────────────────────────────┼────────┤
│ 0013_noshow_reporting_parity.sql                      │ ✅     │
├───────────────────────────────────────────────────────┼────────┤
│ 0014_migration_source_parity.sql                      │ ✅     │
├───────────────────────────────────────────────────────┼────────┤
│ 0015_payment_operation_token.sql                      │ ✅     │
├───────────────────────────────────────────────────────┼────────┤
│ 0016_payment_operation_token_scope.sql                │ ✅     │
├───────────────────────────────────────────────────────┼────────┤
│ 0017_reporting_indexes.sql                            │ ✅     │
├───────────────────────────────────────────────────────┼────────┤
│ 0018_agent_mutation_provenance.sql                    │ ✅     │
├───────────────────────────────────────────────────────┼────────┤
│ 0019_billing_reconciliation.sql                       │ ✅     │
├───────────────────────────────────────────────────────┼────────┤
│ 0020_maintenance_impact.sql                           │ ✅     │
├───────────────────────────────────────────────────────┼────────┤
│ 0021_reassignment_remaining_nights.sql                │ ✅     │
├───────────────────────────────────────────────────────┼────────┤
│ 0022_room_state_dimensions.sql                        │ ✅     │
├───────────────────────────────────────────────────────┼────────┤
│ 0023_room_state_command_guards.sql                    │ ✅     │
├───────────────────────────────────────────────────────┼────────┤
│ 0024_reassignment_interval_room_versions.sql          │ ✅     │
├───────────────────────────────────────────────────────┼────────┤
│ 0025_segmented_stay_pricing.sql                       │ ✅     │
├───────────────────────────────────────────────────────┼────────┤
│ 0026_active_stay_pricing_bootstrap_shadow.sql         │ ✅     │
├───────────────────────────────────────────────────────┼────────┤
│ 0027_active_stay_bootstrap_segment_snapshot_guard.sql │ ✅     │
├───────────────────────────────────────────────────────┼────────┤
│ 0028_checkout_settlement_guard.sql                    │ 🕒️    │
├───────────────────────────────────────────────────────┼────────┤
│ 0029_reservation_creation_recovery.sql                │ 🕒️    │
├───────────────────────────────────────────────────────┼────────┤
│ 0030_extra_charge_operation_identity.sql              │ 🕒️    │
└───────────────────────────────────────────────────────┴────────┘
🌀 Executing on local database HOTEL_DEMO_DB (00000000-0000-0000-0000-000000000002) from ../../../../../tmp/tmp.3J9jDuCSfk/state/v3/d1:
🌀 To execute on your remote database, add a --remote flag to your wrangler command.
🚣 3 commands executed successfully.
┌───────────────────────────────────────────────────────┬────────┐
│ name                                                  │ status │
├───────────────────────────────────────────────────────┼────────┤
│ 0001_foundation.sql                                   │ ✅     │
├───────────────────────────────────────────────────────┼────────┤
│ 0002_rooms_guests_holds.sql                           │ ✅     │
├───────────────────────────────────────────────────────┼────────┤
│ 0003_bookings.sql                                     │ ✅     │
├───────────────────────────────────────────────────────┼────────┤
│ 0004_booking_claim_fk.sql                             │ ✅     │
├───────────────────────────────────────────────────────┼────────┤
│ 0005_reception_lifecycle.sql                          │ ✅     │
├───────────────────────────────────────────────────────┼────────┤
│ 0006_lifecycle_transition_guards.sql                  │ ✅     │
├───────────────────────────────────────────────────────┼────────┤
│ 0007_lifecycle_atomic_guards.sql                      │ ✅     │
├───────────────────────────────────────────────────────┼────────┤
│ 0008_lifecycle_domain_parity.sql                      │ ✅     │
├───────────────────────────────────────────────────────┼────────┤
│ 0009_housekeeping_maintenance.sql                     │ ✅     │
├───────────────────────────────────────────────────────┼────────┤
│ 0010_billing.sql                                      │ ✅     │
├───────────────────────────────────────────────────────┼────────┤
│ 0011_cash_closure_audit.sql                           │ ✅     │
├───────────────────────────────────────────────────────┼────────┤
│ 0012_cash_closure_operation_token.sql                 │ ✅     │
├───────────────────────────────────────────────────────┼────────┤
│ 0013_noshow_reporting_parity.sql                      │ ✅     │
├───────────────────────────────────────────────────────┼────────┤
│ 0014_migration_source_parity.sql                      │ ✅     │
├───────────────────────────────────────────────────────┼────────┤
│ 0015_payment_operation_token.sql                      │ ✅     │
├───────────────────────────────────────────────────────┼────────┤
│ 0016_payment_operation_token_scope.sql                │ ✅     │
├───────────────────────────────────────────────────────┼────────┤
│ 0017_reporting_indexes.sql                            │ ✅     │
├───────────────────────────────────────────────────────┼────────┤
│ 0018_agent_mutation_provenance.sql                    │ ✅     │
├───────────────────────────────────────────────────────┼────────┤
│ 0019_billing_reconciliation.sql                       │ ✅     │
├───────────────────────────────────────────────────────┼────────┤
│ 0020_maintenance_impact.sql                           │ ✅     │
├───────────────────────────────────────────────────────┼────────┤
│ 0021_reassignment_remaining_nights.sql                │ ✅     │
├───────────────────────────────────────────────────────┼────────┤
│ 0022_room_state_dimensions.sql                        │ ✅     │
├───────────────────────────────────────────────────────┼────────┤
│ 0023_room_state_command_guards.sql                    │ ✅     │
├───────────────────────────────────────────────────────┼────────┤
│ 0024_reassignment_interval_room_versions.sql          │ ✅     │
├───────────────────────────────────────────────────────┼────────┤
│ 0025_segmented_stay_pricing.sql                       │ ✅     │
├───────────────────────────────────────────────────────┼────────┤
│ 0026_active_stay_pricing_bootstrap_shadow.sql         │ ✅     │
├───────────────────────────────────────────────────────┼────────┤
│ 0027_active_stay_bootstrap_segment_snapshot_guard.sql │ ✅     │
├───────────────────────────────────────────────────────┼────────┤
│ 0028_checkout_settlement_guard.sql                    │ ✅     │
├───────────────────────────────────────────────────────┼────────┤
│ 0029_reservation_creation_recovery.sql                │ 🕒️    │
├───────────────────────────────────────────────────────┼────────┤
│ 0030_extra_charge_operation_identity.sql              │ 🕒️    │
└───────────────────────────────────────────────────────┴────────┘
🌀 Executing on local database HOTEL_DEMO_DB (00000000-0000-0000-0000-000000000002) from ../../../../../tmp/tmp.3J9jDuCSfk/state/v3/d1:
🌀 To execute on your remote database, add a --remote flag to your wrangler command.
🚣 12 commands executed successfully.
┌───────────────────────────────────────────────────────┬────────┐
│ name                                                  │ status │
├───────────────────────────────────────────────────────┼────────┤
│ 0001_foundation.sql                                   │ ✅     │
├───────────────────────────────────────────────────────┼────────┤
│ 0002_rooms_guests_holds.sql                           │ ✅     │
├───────────────────────────────────────────────────────┼────────┤
│ 0003_bookings.sql                                     │ ✅     │
├───────────────────────────────────────────────────────┼────────┤
│ 0004_booking_claim_fk.sql                             │ ✅     │
├───────────────────────────────────────────────────────┼────────┤
│ 0005_reception_lifecycle.sql                          │ ✅     │
├───────────────────────────────────────────────────────┼────────┤
│ 0006_lifecycle_transition_guards.sql                  │ ✅     │
├───────────────────────────────────────────────────────┼────────┤
│ 0007_lifecycle_atomic_guards.sql                      │ ✅     │
├───────────────────────────────────────────────────────┼────────┤
│ 0008_lifecycle_domain_parity.sql                      │ ✅     │
├───────────────────────────────────────────────────────┼────────┤
│ 0009_housekeeping_maintenance.sql                     │ ✅     │
├───────────────────────────────────────────────────────┼────────┤
│ 0010_billing.sql                                      │ ✅     │
├───────────────────────────────────────────────────────┼────────┤
│ 0011_cash_closure_audit.sql                           │ ✅     │
├───────────────────────────────────────────────────────┼────────┤
│ 0012_cash_closure_operation_token.sql                 │ ✅     │
├───────────────────────────────────────────────────────┼────────┤
│ 0013_noshow_reporting_parity.sql                      │ ✅     │
├───────────────────────────────────────────────────────┼────────┤
│ 0014_migration_source_parity.sql                      │ ✅     │
├───────────────────────────────────────────────────────┼────────┤
│ 0015_payment_operation_token.sql                      │ ✅     │
├───────────────────────────────────────────────────────┼────────┤
│ 0016_payment_operation_token_scope.sql                │ ✅     │
├───────────────────────────────────────────────────────┼────────┤
│ 0017_reporting_indexes.sql                            │ ✅     │
├───────────────────────────────────────────────────────┼────────┤
│ 0018_agent_mutation_provenance.sql                    │ ✅     │
├───────────────────────────────────────────────────────┼────────┤
│ 0019_billing_reconciliation.sql                       │ ✅     │
├───────────────────────────────────────────────────────┼────────┤
│ 0020_maintenance_impact.sql                           │ ✅     │
├───────────────────────────────────────────────────────┼────────┤
│ 0021_reassignment_remaining_nights.sql                │ ✅     │
├───────────────────────────────────────────────────────┼────────┤
│ 0022_room_state_dimensions.sql                        │ ✅     │
├───────────────────────────────────────────────────────┼────────┤
│ 0023_room_state_command_guards.sql                    │ ✅     │
├───────────────────────────────────────────────────────┼────────┤
│ 0024_reassignment_interval_room_versions.sql          │ ✅     │
├───────────────────────────────────────────────────────┼────────┤
│ 0025_segmented_stay_pricing.sql                       │ ✅     │
├───────────────────────────────────────────────────────┼────────┤
│ 0026_active_stay_pricing_bootstrap_shadow.sql         │ ✅     │
├───────────────────────────────────────────────────────┼────────┤
│ 0027_active_stay_bootstrap_segment_snapshot_guard.sql │ ✅     │
├───────────────────────────────────────────────────────┼────────┤
│ 0028_checkout_settlement_guard.sql                    │ ✅     │
├───────────────────────────────────────────────────────┼────────┤
│ 0029_reservation_creation_recovery.sql                │ ✅     │
├───────────────────────────────────────────────────────┼────────┤
│ 0030_extra_charge_operation_identity.sql              │ 🕒️    │
└───────────────────────────────────────────────────────┴────────┘
🌀 Executing on local database HOTEL_DEMO_DB (00000000-0000-0000-0000-000000000002) from ../../../../../tmp/tmp.3J9jDuCSfk/state/v3/d1:
🌀 To execute on your remote database, add a --remote flag to your wrangler command.
🚣 6 commands executed successfully.
┌───────────────────────────────────────────────────────┬────────┐
│ name                                                  │ status │
├───────────────────────────────────────────────────────┼────────┤
│ 0001_foundation.sql                                   │ ✅     │
├───────────────────────────────────────────────────────┼────────┤
│ 0002_rooms_guests_holds.sql                           │ ✅     │
├───────────────────────────────────────────────────────┼────────┤
│ 0003_bookings.sql                                     │ ✅     │
├───────────────────────────────────────────────────────┼────────┤
│ 0004_booking_claim_fk.sql                             │ ✅     │
├───────────────────────────────────────────────────────┼────────┤
│ 0005_reception_lifecycle.sql                          │ ✅     │
├───────────────────────────────────────────────────────┼────────┤
│ 0006_lifecycle_transition_guards.sql                  │ ✅     │
├───────────────────────────────────────────────────────┼────────┤
│ 0007_lifecycle_atomic_guards.sql                      │ ✅     │
├───────────────────────────────────────────────────────┼────────┤
│ 0008_lifecycle_domain_parity.sql                      │ ✅     │
├───────────────────────────────────────────────────────┼────────┤
│ 0009_housekeeping_maintenance.sql                     │ ✅     │
├───────────────────────────────────────────────────────┼────────┤
│ 0010_billing.sql                                      │ ✅     │
├───────────────────────────────────────────────────────┼────────┤
│ 0011_cash_closure_audit.sql                           │ ✅     │
├───────────────────────────────────────────────────────┼────────┤
│ 0012_cash_closure_operation_token.sql                 │ ✅     │
├───────────────────────────────────────────────────────┼────────┤
│ 0013_noshow_reporting_parity.sql                      │ ✅     │
├───────────────────────────────────────────────────────┼────────┤
│ 0014_migration_source_parity.sql                      │ ✅     │
├───────────────────────────────────────────────────────┼────────┤
│ 0015_payment_operation_token.sql                      │ ✅     │
├───────────────────────────────────────────────────────┼────────┤
│ 0016_payment_operation_token_scope.sql                │ ✅     │
├───────────────────────────────────────────────────────┼────────┤
│ 0017_reporting_indexes.sql                            │ ✅     │
├───────────────────────────────────────────────────────┼────────┤
│ 0018_agent_mutation_provenance.sql                    │ ✅     │
├───────────────────────────────────────────────────────┼────────┤
│ 0019_billing_reconciliation.sql                       │ ✅     │
├───────────────────────────────────────────────────────┼────────┤
│ 0020_maintenance_impact.sql                           │ ✅     │
├───────────────────────────────────────────────────────┼────────┤
│ 0021_reassignment_remaining_nights.sql                │ ✅     │
├───────────────────────────────────────────────────────┼────────┤
│ 0022_room_state_dimensions.sql                        │ ✅     │
├───────────────────────────────────────────────────────┼────────┤
│ 0023_room_state_command_guards.sql                    │ ✅     │
├───────────────────────────────────────────────────────┼────────┤
│ 0024_reassignment_interval_room_versions.sql          │ ✅     │
├───────────────────────────────────────────────────────┼────────┤
│ 0025_segmented_stay_pricing.sql                       │ ✅     │
├───────────────────────────────────────────────────────┼────────┤
│ 0026_active_stay_pricing_bootstrap_shadow.sql         │ ✅     │
├───────────────────────────────────────────────────────┼────────┤
│ 0027_active_stay_bootstrap_segment_snapshot_guard.sql │ ✅     │
├───────────────────────────────────────────────────────┼────────┤
│ 0028_checkout_settlement_guard.sql                    │ ✅     │
├───────────────────────────────────────────────────────┼────────┤
│ 0029_reservation_creation_recovery.sql                │ ✅     │
├───────────────────────────────────────────────────────┼────────┤
│ 0030_extra_charge_operation_identity.sql              │ ✅     │
└───────────────────────────────────────────────────────┴────────┘

 ⛅️ wrangler 4.125.0 (update available 4.143.0)
───────────────────────────────────────────────
Resource location: local

Use --remote if you want to access the remote instance.

Migrations to be applied:
┌───────────────────────────────────────────────────────┐
│ name                                                  │
├───────────────────────────────────────────────────────┤
│ 0001_foundation.sql                                   │
├───────────────────────────────────────────────────────┤
│ 0002_rooms_guests_holds.sql                           │
├───────────────────────────────────────────────────────┤
│ 0003_bookings.sql                                     │
├───────────────────────────────────────────────────────┤
│ 0004_booking_claim_fk.sql                             │
├───────────────────────────────────────────────────────┤
│ 0005_reception_lifecycle.sql                          │
├───────────────────────────────────────────────────────┤
│ 0006_lifecycle_transition_guards.sql                  │
├───────────────────────────────────────────────────────┤
│ 0007_lifecycle_atomic_guards.sql                      │
├───────────────────────────────────────────────────────┤
│ 0008_lifecycle_domain_parity.sql                      │
├───────────────────────────────────────────────────────┤
│ 0009_housekeeping_maintenance.sql                     │
├───────────────────────────────────────────────────────┤
│ 0010_billing.sql                                      │
├───────────────────────────────────────────────────────┤
│ 0011_cash_closure_audit.sql                           │
├───────────────────────────────────────────────────────┤
│ 0012_cash_closure_operation_token.sql                 │
├───────────────────────────────────────────────────────┤
│ 0013_noshow_reporting_parity.sql                      │
├───────────────────────────────────────────────────────┤
│ 0014_migration_source_parity.sql                      │
├───────────────────────────────────────────────────────┤
│ 0015_payment_operation_token.sql                      │
├───────────────────────────────────────────────────────┤
│ 0016_payment_operation_token_scope.sql                │
├───────────────────────────────────────────────────────┤
│ 0017_reporting_indexes.sql                            │
├───────────────────────────────────────────────────────┤
│ 0018_agent_mutation_provenance.sql                    │
├───────────────────────────────────────────────────────┤
│ 0019_billing_reconciliation.sql                       │
├───────────────────────────────────────────────────────┤
│ 0020_maintenance_impact.sql                           │
├───────────────────────────────────────────────────────┤
│ 0021_reassignment_remaining_nights.sql                │
├───────────────────────────────────────────────────────┤
│ 0022_room_state_dimensions.sql                        │
├───────────────────────────────────────────────────────┤
│ 0023_room_state_command_guards.sql                    │
├───────────────────────────────────────────────────────┤
│ 0024_reassignment_interval_room_versions.sql          │
├───────────────────────────────────────────────────────┤
│ 0025_segmented_stay_pricing.sql                       │
├───────────────────────────────────────────────────────┤
│ 0026_active_stay_pricing_bootstrap_shadow.sql         │
├───────────────────────────────────────────────────────┤
│ 0027_active_stay_bootstrap_segment_snapshot_guard.sql │
├───────────────────────────────────────────────────────┤
│ 0028_checkout_settlement_guard.sql                    │
├───────────────────────────────────────────────────────┤
│ 0029_reservation_creation_recovery.sql                │
├───────────────────────────────────────────────────────┤
│ 0030_extra_charge_operation_identity.sql              │
└───────────────────────────────────────────────────────┘
? About to apply 30 migration(s)
Your database may not be available to serve requests during the migration, continue?
🤖 Using fallback value in non-interactive context: yes
🌀 Executing on local database HOTEL_SECOND_DB (00000000-0000-0000-0000-000000000003) from ../../../../../tmp/tmp.3J9jDuCSfk/state/v3/d1:
🌀 To execute on your remote database, add a --remote flag to your wrangler command.
🚣 4 commands executed successfully.
┌───────────────────────────────────────────────────────┬────────┐
│ name                                                  │ status │
├───────────────────────────────────────────────────────┼────────┤
│ 0001_foundation.sql                                   │ ✅     │
├───────────────────────────────────────────────────────┼────────┤
│ 0002_rooms_guests_holds.sql                           │ 🕒️    │
├───────────────────────────────────────────────────────┼────────┤
│ 0003_bookings.sql                                     │ 🕒️    │
├───────────────────────────────────────────────────────┼────────┤
│ 0004_booking_claim_fk.sql                             │ 🕒️    │
├───────────────────────────────────────────────────────┼────────┤
│ 0005_reception_lifecycle.sql                          │ 🕒️    │
├───────────────────────────────────────────────────────┼────────┤
│ 0006_lifecycle_transition_guards.sql                  │ 🕒️    │
├───────────────────────────────────────────────────────┼────────┤
│ 0007_lifecycle_atomic_guards.sql                      │ 🕒️    │
├───────────────────────────────────────────────────────┼────────┤
│ 0008_lifecycle_domain_parity.sql                      │ 🕒️    │
├───────────────────────────────────────────────────────┼────────┤
│ 0009_housekeeping_maintenance.sql                     │ 🕒️    │
├───────────────────────────────────────────────────────┼────────┤
│ 0010_billing.sql                                      │ 🕒️    │
├───────────────────────────────────────────────────────┼────────┤
│ 0011_cash_closure_audit.sql                           │ 🕒️    │
├───────────────────────────────────────────────────────┼────────┤
│ 0012_cash_closure_operation_token.sql                 │ 🕒️    │
├───────────────────────────────────────────────────────┼────────┤
│ 0013_noshow_reporting_parity.sql                      │ 🕒️    │
├───────────────────────────────────────────────────────┼────────┤
│ 0014_migration_source_parity.sql                      │ 🕒️    │
├───────────────────────────────────────────────────────┼────────┤
│ 0015_payment_operation_token.sql                      │ 🕒️    │
├───────────────────────────────────────────────────────┼────────┤
│ 0016_payment_operation_token_scope.sql                │ 🕒️    │
├───────────────────────────────────────────────────────┼────────┤
│ 0017_reporting_indexes.sql                            │ 🕒️    │
├───────────────────────────────────────────────────────┼────────┤
│ 0018_agent_mutation_provenance.sql                    │ 🕒️    │
├───────────────────────────────────────────────────────┼────────┤
│ 0019_billing_reconciliation.sql                       │ 🕒️    │
├───────────────────────────────────────────────────────┼────────┤
│ 0020_maintenance_impact.sql                           │ 🕒️    │
├───────────────────────────────────────────────────────┼────────┤
│ 0021_reassignment_remaining_nights.sql                │ 🕒️    │
├───────────────────────────────────────────────────────┼────────┤
│ 0022_room_state_dimensions.sql                        │ 🕒️    │
├───────────────────────────────────────────────────────┼────────┤
│ 0023_room_state_command_guards.sql                    │ 🕒️    │
├───────────────────────────────────────────────────────┼────────┤
│ 0024_reassignment_interval_room_versions.sql          │ 🕒️    │
├───────────────────────────────────────────────────────┼────────┤
│ 0025_segmented_stay_pricing.sql                       │ 🕒️    │
├───────────────────────────────────────────────────────┼────────┤
│ 0026_active_stay_pricing_bootstrap_shadow.sql         │ 🕒️    │
├───────────────────────────────────────────────────────┼────────┤
│ 0027_active_stay_bootstrap_segment_snapshot_guard.sql │ 🕒️    │
├───────────────────────────────────────────────────────┼────────┤
│ 0028_checkout_settlement_guard.sql                    │ 🕒️    │
├───────────────────────────────────────────────────────┼────────┤
│ 0029_reservation_creation_recovery.sql                │ 🕒️    │
├───────────────────────────────────────────────────────┼────────┤
│ 0030_extra_charge_operation_identity.sql              │ 🕒️    │
└───────────────────────────────────────────────────────┴────────┘
🌀 Executing on local database HOTEL_SECOND_DB (00000000-0000-0000-0000-000000000003) from ../../../../../tmp/tmp.3J9jDuCSfk/state/v3/d1:
🌀 To execute on your remote database, add a --remote flag to your wrangler command.
🚣 6 commands executed successfully.
┌───────────────────────────────────────────────────────┬────────┐
│ name                                                  │ status │
├───────────────────────────────────────────────────────┼────────┤
│ 0001_foundation.sql                                   │ ✅     │
├───────────────────────────────────────────────────────┼────────┤
│ 0002_rooms_guests_holds.sql                           │ ✅     │
├───────────────────────────────────────────────────────┼────────┤
│ 0003_bookings.sql                                     │ 🕒️    │
├───────────────────────────────────────────────────────┼────────┤
│ 0004_booking_claim_fk.sql                             │ 🕒️    │
├───────────────────────────────────────────────────────┼────────┤
│ 0005_reception_lifecycle.sql                          │ 🕒️    │
├───────────────────────────────────────────────────────┼────────┤
│ 0006_lifecycle_transition_guards.sql                  │ 🕒️    │
├───────────────────────────────────────────────────────┼────────┤
│ 0007_lifecycle_atomic_guards.sql                      │ 🕒️    │
├───────────────────────────────────────────────────────┼────────┤
│ 0008_lifecycle_domain_parity.sql                      │ 🕒️    │
├───────────────────────────────────────────────────────┼────────┤
│ 0009_housekeeping_maintenance.sql                     │ 🕒️    │
├───────────────────────────────────────────────────────┼────────┤
│ 0010_billing.sql                                      │ 🕒️    │
├───────────────────────────────────────────────────────┼────────┤
│ 0011_cash_closure_audit.sql                           │ 🕒️    │
├───────────────────────────────────────────────────────┼────────┤
│ 0012_cash_closure_operation_token.sql                 │ 🕒️    │
├───────────────────────────────────────────────────────┼────────┤
│ 0013_noshow_reporting_parity.sql                      │ 🕒️    │
├───────────────────────────────────────────────────────┼────────┤
│ 0014_migration_source_parity.sql                      │ 🕒️    │
├───────────────────────────────────────────────────────┼────────┤
│ 0015_payment_operation_token.sql                      │ 🕒️    │
├───────────────────────────────────────────────────────┼────────┤
│ 0016_payment_operation_token_scope.sql                │ 🕒️    │
├───────────────────────────────────────────────────────┼────────┤
│ 0017_reporting_indexes.sql                            │ 🕒️    │
├───────────────────────────────────────────────────────┼────────┤
│ 0018_agent_mutation_provenance.sql                    │ 🕒️    │
├───────────────────────────────────────────────────────┼────────┤
│ 0019_billing_reconciliation.sql                       │ 🕒️    │
├───────────────────────────────────────────────────────┼────────┤
│ 0020_maintenance_impact.sql                           │ 🕒️    │
├───────────────────────────────────────────────────────┼────────┤
│ 0021_reassignment_remaining_nights.sql                │ 🕒️    │
├───────────────────────────────────────────────────────┼────────┤
│ 0022_room_state_dimensions.sql                        │ 🕒️    │
├───────────────────────────────────────────────────────┼────────┤
│ 0023_room_state_command_guards.sql                    │ 🕒️    │
├───────────────────────────────────────────────────────┼────────┤
│ 0024_reassignment_interval_room_versions.sql          │ 🕒️    │
├───────────────────────────────────────────────────────┼────────┤
│ 0025_segmented_stay_pricing.sql                       │ 🕒️    │
├───────────────────────────────────────────────────────┼────────┤
│ 0026_active_stay_pricing_bootstrap_shadow.sql         │ 🕒️    │
├───────────────────────────────────────────────────────┼────────┤
│ 0027_active_stay_bootstrap_segment_snapshot_guard.sql │ 🕒️    │
├───────────────────────────────────────────────────────┼────────┤
│ 0028_checkout_settlement_guard.sql                    │ 🕒️    │
├───────────────────────────────────────────────────────┼────────┤
│ 0029_reservation_creation_recovery.sql                │ 🕒️    │
├───────────────────────────────────────────────────────┼────────┤
│ 0030_extra_charge_operation_identity.sql              │ 🕒️    │
└───────────────────────────────────────────────────────┴────────┘
🌀 Executing on local database HOTEL_SECOND_DB (00000000-0000-0000-0000-000000000003) from ../../../../../tmp/tmp.3J9jDuCSfk/state/v3/d1:
🌀 To execute on your remote database, add a --remote flag to your wrangler command.
🚣 8 commands executed successfully.
┌───────────────────────────────────────────────────────┬────────┐
│ name                                                  │ status │
├───────────────────────────────────────────────────────┼────────┤
│ 0001_foundation.sql                                   │ ✅     │
├───────────────────────────────────────────────────────┼────────┤
│ 0002_rooms_guests_holds.sql                           │ ✅     │
├───────────────────────────────────────────────────────┼────────┤
│ 0003_bookings.sql                                     │ ✅     │
├───────────────────────────────────────────────────────┼────────┤
│ 0004_booking_claim_fk.sql                             │ 🕒️    │
├───────────────────────────────────────────────────────┼────────┤
│ 0005_reception_lifecycle.sql                          │ 🕒️    │
├───────────────────────────────────────────────────────┼────────┤
│ 0006_lifecycle_transition_guards.sql                  │ 🕒️    │
├───────────────────────────────────────────────────────┼────────┤
│ 0007_lifecycle_atomic_guards.sql                      │ 🕒️    │
├───────────────────────────────────────────────────────┼────────┤
│ 0008_lifecycle_domain_parity.sql                      │ 🕒️    │
├───────────────────────────────────────────────────────┼────────┤
│ 0009_housekeeping_maintenance.sql                     │ 🕒️    │
├───────────────────────────────────────────────────────┼────────┤
│ 0010_billing.sql                                      │ 🕒️    │
├───────────────────────────────────────────────────────┼────────┤
│ 0011_cash_closure_audit.sql                           │ 🕒️    │
├───────────────────────────────────────────────────────┼────────┤
│ 0012_cash_closure_operation_token.sql                 │ 🕒️    │
├───────────────────────────────────────────────────────┼────────┤
│ 0013_noshow_reporting_parity.sql                      │ 🕒️    │
├───────────────────────────────────────────────────────┼────────┤
│ 0014_migration_source_parity.sql                      │ 🕒️    │
├───────────────────────────────────────────────────────┼────────┤
│ 0015_payment_operation_token.sql                      │ 🕒️    │
├───────────────────────────────────────────────────────┼────────┤
│ 0016_payment_operation_token_scope.sql                │ 🕒️    │
├───────────────────────────────────────────────────────┼────────┤
│ 0017_reporting_indexes.sql                            │ 🕒️    │
├───────────────────────────────────────────────────────┼────────┤
│ 0018_agent_mutation_provenance.sql                    │ 🕒️    │
├───────────────────────────────────────────────────────┼────────┤
│ 0019_billing_reconciliation.sql                       │ 🕒️    │
├───────────────────────────────────────────────────────┼────────┤
│ 0020_maintenance_impact.sql                           │ 🕒️    │
├───────────────────────────────────────────────────────┼────────┤
│ 0021_reassignment_remaining_nights.sql                │ 🕒️    │
├───────────────────────────────────────────────────────┼────────┤
│ 0022_room_state_dimensions.sql                        │ 🕒️    │
├───────────────────────────────────────────────────────┼────────┤
│ 0023_room_state_command_guards.sql                    │ 🕒️    │
├───────────────────────────────────────────────────────┼────────┤
│ 0024_reassignment_interval_room_versions.sql          │ 🕒️    │
├───────────────────────────────────────────────────────┼────────┤
│ 0025_segmented_stay_pricing.sql                       │ 🕒️    │
├───────────────────────────────────────────────────────┼────────┤
│ 0026_active_stay_pricing_bootstrap_shadow.sql         │ 🕒️    │
├───────────────────────────────────────────────────────┼────────┤
│ 0027_active_stay_bootstrap_segment_snapshot_guard.sql │ 🕒️    │
├───────────────────────────────────────────────────────┼────────┤
│ 0028_checkout_settlement_guard.sql                    │ 🕒️    │
├───────────────────────────────────────────────────────┼────────┤
│ 0029_reservation_creation_recovery.sql                │ 🕒️    │
├───────────────────────────────────────────────────────┼────────┤
│ 0030_extra_charge_operation_identity.sql              │ 🕒️    │
└───────────────────────────────────────────────────────┴────────┘
🌀 Executing on local database HOTEL_SECOND_DB (00000000-0000-0000-0000-000000000003) from ../../../../../tmp/tmp.3J9jDuCSfk/state/v3/d1:
🌀 To execute on your remote database, add a --remote flag to your wrangler command.
🚣 8 commands executed successfully.
┌───────────────────────────────────────────────────────┬────────┐
│ name                                                  │ status │
├───────────────────────────────────────────────────────┼────────┤
│ 0001_foundation.sql                                   │ ✅     │
├───────────────────────────────────────────────────────┼────────┤
│ 0002_rooms_guests_holds.sql                           │ ✅     │
├───────────────────────────────────────────────────────┼────────┤
│ 0003_bookings.sql                                     │ ✅     │
├───────────────────────────────────────────────────────┼────────┤
│ 0004_booking_claim_fk.sql                             │ ✅     │
├───────────────────────────────────────────────────────┼────────┤
│ 0005_reception_lifecycle.sql                          │ 🕒️    │
├───────────────────────────────────────────────────────┼────────┤
│ 0006_lifecycle_transition_guards.sql                  │ 🕒️    │
├───────────────────────────────────────────────────────┼────────┤
│ 0007_lifecycle_atomic_guards.sql                      │ 🕒️    │
├───────────────────────────────────────────────────────┼────────┤
│ 0008_lifecycle_domain_parity.sql                      │ 🕒️    │
├───────────────────────────────────────────────────────┼────────┤
│ 0009_housekeeping_maintenance.sql                     │ 🕒️    │
├───────────────────────────────────────────────────────┼────────┤
│ 0010_billing.sql                                      │ 🕒️    │
├───────────────────────────────────────────────────────┼────────┤
│ 0011_cash_closure_audit.sql                           │ 🕒️    │
├───────────────────────────────────────────────────────┼────────┤
│ 0012_cash_closure_operation_token.sql                 │ 🕒️    │
├───────────────────────────────────────────────────────┼────────┤
│ 0013_noshow_reporting_parity.sql                      │ 🕒️    │
├───────────────────────────────────────────────────────┼────────┤
│ 0014_migration_source_parity.sql                      │ 🕒️    │
├───────────────────────────────────────────────────────┼────────┤
│ 0015_payment_operation_token.sql                      │ 🕒️    │
├───────────────────────────────────────────────────────┼────────┤
│ 0016_payment_operation_token_scope.sql                │ 🕒️    │
├───────────────────────────────────────────────────────┼────────┤
│ 0017_reporting_indexes.sql                            │ 🕒️    │
├───────────────────────────────────────────────────────┼────────┤
│ 0018_agent_mutation_provenance.sql                    │ 🕒️    │
├───────────────────────────────────────────────────────┼────────┤
│ 0019_billing_reconciliation.sql                       │ 🕒️    │
├───────────────────────────────────────────────────────┼────────┤
│ 0020_maintenance_impact.sql                           │ 🕒️    │
├───────────────────────────────────────────────────────┼────────┤
│ 0021_reassignment_remaining_nights.sql                │ 🕒️    │
├───────────────────────────────────────────────────────┼────────┤
│ 0022_room_state_dimensions.sql                        │ 🕒️    │
├───────────────────────────────────────────────────────┼────────┤
│ 0023_room_state_command_guards.sql                    │ 🕒️    │
├───────────────────────────────────────────────────────┼────────┤
│ 0024_reassignment_interval_room_versions.sql          │ 🕒️    │
├───────────────────────────────────────────────────────┼────────┤
│ 0025_segmented_stay_pricing.sql                       │ 🕒️    │
├───────────────────────────────────────────────────────┼────────┤
│ 0026_active_stay_pricing_bootstrap_shadow.sql         │ 🕒️    │
├───────────────────────────────────────────────────────┼────────┤
│ 0027_active_stay_bootstrap_segment_snapshot_guard.sql │ 🕒️    │
├───────────────────────────────────────────────────────┼────────┤
│ 0028_checkout_settlement_guard.sql                    │ 🕒️    │
├───────────────────────────────────────────────────────┼────────┤
│ 0029_reservation_creation_recovery.sql                │ 🕒️    │
├───────────────────────────────────────────────────────┼────────┤
│ 0030_extra_charge_operation_identity.sql              │ 🕒️    │
└───────────────────────────────────────────────────────┴────────┘
🌀 Executing on local database HOTEL_SECOND_DB (00000000-0000-0000-0000-000000000003) from ../../../../../tmp/tmp.3J9jDuCSfk/state/v3/d1:
🌀 To execute on your remote database, add a --remote flag to your wrangler command.
🚣 13 commands executed successfully.
┌───────────────────────────────────────────────────────┬────────┐
│ name                                                  │ status │
├───────────────────────────────────────────────────────┼────────┤
│ 0001_foundation.sql                                   │ ✅     │
├───────────────────────────────────────────────────────┼────────┤
│ 0002_rooms_guests_holds.sql                           │ ✅     │
├───────────────────────────────────────────────────────┼────────┤
│ 0003_bookings.sql                                     │ ✅     │
├───────────────────────────────────────────────────────┼────────┤
│ 0004_booking_claim_fk.sql                             │ ✅     │
├───────────────────────────────────────────────────────┼────────┤
│ 0005_reception_lifecycle.sql                          │ ✅     │
├───────────────────────────────────────────────────────┼────────┤
│ 0006_lifecycle_transition_guards.sql                  │ 🕒️    │
├───────────────────────────────────────────────────────┼────────┤
│ 0007_lifecycle_atomic_guards.sql                      │ 🕒️    │
├───────────────────────────────────────────────────────┼────────┤
│ 0008_lifecycle_domain_parity.sql                      │ 🕒️    │
├───────────────────────────────────────────────────────┼────────┤
│ 0009_housekeeping_maintenance.sql                     │ 🕒️    │
├───────────────────────────────────────────────────────┼────────┤
│ 0010_billing.sql                                      │ 🕒️    │
├───────────────────────────────────────────────────────┼────────┤
│ 0011_cash_closure_audit.sql                           │ 🕒️    │
├───────────────────────────────────────────────────────┼────────┤
│ 0012_cash_closure_operation_token.sql                 │ 🕒️    │
├───────────────────────────────────────────────────────┼────────┤
│ 0013_noshow_reporting_parity.sql                      │ 🕒️    │
├───────────────────────────────────────────────────────┼────────┤
│ 0014_migration_source_parity.sql                      │ 🕒️    │
├───────────────────────────────────────────────────────┼────────┤
│ 0015_payment_operation_token.sql                      │ 🕒️    │
├───────────────────────────────────────────────────────┼────────┤
│ 0016_payment_operation_token_scope.sql                │ 🕒️    │
├───────────────────────────────────────────────────────┼────────┤
│ 0017_reporting_indexes.sql                            │ 🕒️    │
├───────────────────────────────────────────────────────┼────────┤
│ 0018_agent_mutation_provenance.sql                    │ 🕒️    │
├───────────────────────────────────────────────────────┼────────┤
│ 0019_billing_reconciliation.sql                       │ 🕒️    │
├───────────────────────────────────────────────────────┼────────┤
│ 0020_maintenance_impact.sql                           │ 🕒️    │
├───────────────────────────────────────────────────────┼────────┤
│ 0021_reassignment_remaining_nights.sql                │ 🕒️    │
├───────────────────────────────────────────────────────┼────────┤
│ 0022_room_state_dimensions.sql                        │ 🕒️    │
├───────────────────────────────────────────────────────┼────────┤
│ 0023_room_state_command_guards.sql                    │ 🕒️    │
├───────────────────────────────────────────────────────┼────────┤
│ 0024_reassignment_interval_room_versions.sql          │ 🕒️    │
├───────────────────────────────────────────────────────┼────────┤
│ 0025_segmented_stay_pricing.sql                       │ 🕒️    │
├───────────────────────────────────────────────────────┼────────┤
│ 0026_active_stay_pricing_bootstrap_shadow.sql         │ 🕒️    │
├───────────────────────────────────────────────────────┼────────┤
│ 0027_active_stay_bootstrap_segment_snapshot_guard.sql │ 🕒️    │
├───────────────────────────────────────────────────────┼────────┤
│ 0028_checkout_settlement_guard.sql                    │ 🕒️    │
├───────────────────────────────────────────────────────┼────────┤
│ 0029_reservation_creation_recovery.sql                │ 🕒️    │
├───────────────────────────────────────────────────────┼────────┤
│ 0030_extra_charge_operation_identity.sql              │ 🕒️    │
└───────────────────────────────────────────────────────┴────────┘
🌀 Executing on local database HOTEL_SECOND_DB (00000000-0000-0000-0000-000000000003) from ../../../../../tmp/tmp.3J9jDuCSfk/state/v3/d1:
🌀 To execute on your remote database, add a --remote flag to your wrangler command.
🚣 3 commands executed successfully.
┌───────────────────────────────────────────────────────┬────────┐
│ name                                                  │ status │
├───────────────────────────────────────────────────────┼────────┤
│ 0001_foundation.sql                                   │ ✅     │
├───────────────────────────────────────────────────────┼────────┤
│ 0002_rooms_guests_holds.sql                           │ ✅     │
├───────────────────────────────────────────────────────┼────────┤
│ 0003_bookings.sql                                     │ ✅     │
├───────────────────────────────────────────────────────┼────────┤
│ 0004_booking_claim_fk.sql                             │ ✅     │
├───────────────────────────────────────────────────────┼────────┤
│ 0005_reception_lifecycle.sql                          │ ✅     │
├───────────────────────────────────────────────────────┼────────┤
│ 0006_lifecycle_transition_guards.sql                  │ ✅     │
├───────────────────────────────────────────────────────┼────────┤
│ 0007_lifecycle_atomic_guards.sql                      │ 🕒️    │
├───────────────────────────────────────────────────────┼────────┤
│ 0008_lifecycle_domain_parity.sql                      │ 🕒️    │
├───────────────────────────────────────────────────────┼────────┤
│ 0009_housekeeping_maintenance.sql                     │ 🕒️    │
├───────────────────────────────────────────────────────┼────────┤
│ 0010_billing.sql                                      │ 🕒️    │
├───────────────────────────────────────────────────────┼────────┤
│ 0011_cash_closure_audit.sql                           │ 🕒️    │
├───────────────────────────────────────────────────────┼────────┤
│ 0012_cash_closure_operation_token.sql                 │ 🕒️    │
├───────────────────────────────────────────────────────┼────────┤
│ 0013_noshow_reporting_parity.sql                      │ 🕒️    │
├───────────────────────────────────────────────────────┼────────┤
│ 0014_migration_source_parity.sql                      │ 🕒️    │
├───────────────────────────────────────────────────────┼────────┤
│ 0015_payment_operation_token.sql                      │ 🕒️    │
├───────────────────────────────────────────────────────┼────────┤
│ 0016_payment_operation_token_scope.sql                │ 🕒️    │
├───────────────────────────────────────────────────────┼────────┤
│ 0017_reporting_indexes.sql                            │ 🕒️    │
├───────────────────────────────────────────────────────┼────────┤
│ 0018_agent_mutation_provenance.sql                    │ 🕒️    │
├───────────────────────────────────────────────────────┼────────┤
│ 0019_billing_reconciliation.sql                       │ 🕒️    │
├───────────────────────────────────────────────────────┼────────┤
│ 0020_maintenance_impact.sql                           │ 🕒️    │
├───────────────────────────────────────────────────────┼────────┤
│ 0021_reassignment_remaining_nights.sql                │ 🕒️    │
├───────────────────────────────────────────────────────┼────────┤
│ 0022_room_state_dimensions.sql                        │ 🕒️    │
├───────────────────────────────────────────────────────┼────────┤
│ 0023_room_state_command_guards.sql                    │ 🕒️    │
├───────────────────────────────────────────────────────┼────────┤
│ 0024_reassignment_interval_room_versions.sql          │ 🕒️    │
├───────────────────────────────────────────────────────┼────────┤
│ 0025_segmented_stay_pricing.sql                       │ 🕒️    │
├───────────────────────────────────────────────────────┼────────┤
│ 0026_active_stay_pricing_bootstrap_shadow.sql         │ 🕒️    │
├───────────────────────────────────────────────────────┼────────┤
│ 0027_active_stay_bootstrap_segment_snapshot_guard.sql │ 🕒️    │
├───────────────────────────────────────────────────────┼────────┤
│ 0028_checkout_settlement_guard.sql                    │ 🕒️    │
├───────────────────────────────────────────────────────┼────────┤
│ 0029_reservation_creation_recovery.sql                │ 🕒️    │
├───────────────────────────────────────────────────────┼────────┤
│ 0030_extra_charge_operation_identity.sql              │ 🕒️    │
└───────────────────────────────────────────────────────┴────────┘
🌀 Executing on local database HOTEL_SECOND_DB (00000000-0000-0000-0000-000000000003) from ../../../../../tmp/tmp.3J9jDuCSfk/state/v3/d1:
🌀 To execute on your remote database, add a --remote flag to your wrangler command.
🚣 4 commands executed successfully.
┌───────────────────────────────────────────────────────┬────────┐
│ name                                                  │ status │
├───────────────────────────────────────────────────────┼────────┤
│ 0001_foundation.sql                                   │ ✅     │
├───────────────────────────────────────────────────────┼────────┤
│ 0002_rooms_guests_holds.sql                           │ ✅     │
├───────────────────────────────────────────────────────┼────────┤
│ 0003_bookings.sql                                     │ ✅     │
├───────────────────────────────────────────────────────┼────────┤
│ 0004_booking_claim_fk.sql                             │ ✅     │
├───────────────────────────────────────────────────────┼────────┤
│ 0005_reception_lifecycle.sql                          │ ✅     │
├───────────────────────────────────────────────────────┼────────┤
│ 0006_lifecycle_transition_guards.sql                  │ ✅     │
├───────────────────────────────────────────────────────┼────────┤
│ 0007_lifecycle_atomic_guards.sql                      │ ✅     │
├───────────────────────────────────────────────────────┼────────┤
│ 0008_lifecycle_domain_parity.sql                      │ 🕒️    │
├───────────────────────────────────────────────────────┼────────┤
│ 0009_housekeeping_maintenance.sql                     │ 🕒️    │
├───────────────────────────────────────────────────────┼────────┤
│ 0010_billing.sql                                      │ 🕒️    │
├───────────────────────────────────────────────────────┼────────┤
│ 0011_cash_closure_audit.sql                           │ 🕒️    │
├───────────────────────────────────────────────────────┼────────┤
│ 0012_cash_closure_operation_token.sql                 │ 🕒️    │
├───────────────────────────────────────────────────────┼────────┤
│ 0013_noshow_reporting_parity.sql                      │ 🕒️    │
├───────────────────────────────────────────────────────┼────────┤
│ 0014_migration_source_parity.sql                      │ 🕒️    │
├───────────────────────────────────────────────────────┼────────┤
│ 0015_payment_operation_token.sql                      │ 🕒️    │
├───────────────────────────────────────────────────────┼────────┤
│ 0016_payment_operation_token_scope.sql                │ 🕒️    │
├───────────────────────────────────────────────────────┼────────┤
│ 0017_reporting_indexes.sql                            │ 🕒️    │
├───────────────────────────────────────────────────────┼────────┤
│ 0018_agent_mutation_provenance.sql                    │ 🕒️    │
├───────────────────────────────────────────────────────┼────────┤
│ 0019_billing_reconciliation.sql                       │ 🕒️    │
├───────────────────────────────────────────────────────┼────────┤
│ 0020_maintenance_impact.sql                           │ 🕒️    │
├───────────────────────────────────────────────────────┼────────┤
│ 0021_reassignment_remaining_nights.sql                │ 🕒️    │
├───────────────────────────────────────────────────────┼────────┤
│ 0022_room_state_dimensions.sql                        │ 🕒️    │
├───────────────────────────────────────────────────────┼────────┤
│ 0023_room_state_command_guards.sql                    │ 🕒️    │
├───────────────────────────────────────────────────────┼────────┤
│ 0024_reassignment_interval_room_versions.sql          │ 🕒️    │
├───────────────────────────────────────────────────────┼────────┤
│ 0025_segmented_stay_pricing.sql                       │ 🕒️    │
├───────────────────────────────────────────────────────┼────────┤
│ 0026_active_stay_pricing_bootstrap_shadow.sql         │ 🕒️    │
├───────────────────────────────────────────────────────┼────────┤
│ 0027_active_stay_bootstrap_segment_snapshot_guard.sql │ 🕒️    │
├───────────────────────────────────────────────────────┼────────┤
│ 0028_checkout_settlement_guard.sql                    │ 🕒️    │
├───────────────────────────────────────────────────────┼────────┤
│ 0029_reservation_creation_recovery.sql                │ 🕒️    │
├───────────────────────────────────────────────────────┼────────┤
│ 0030_extra_charge_operation_identity.sql              │ 🕒️    │
└───────────────────────────────────────────────────────┴────────┘
🌀 Executing on local database HOTEL_SECOND_DB (00000000-0000-0000-0000-000000000003) from ../../../../../tmp/tmp.3J9jDuCSfk/state/v3/d1:
🌀 To execute on your remote database, add a --remote flag to your wrangler command.
🚣 5 commands executed successfully.
┌───────────────────────────────────────────────────────┬────────┐
│ name                                                  │ status │
├───────────────────────────────────────────────────────┼────────┤
│ 0001_foundation.sql                                   │ ✅     │
├───────────────────────────────────────────────────────┼────────┤
│ 0002_rooms_guests_holds.sql                           │ ✅     │
├───────────────────────────────────────────────────────┼────────┤
│ 0003_bookings.sql                                     │ ✅     │
├───────────────────────────────────────────────────────┼────────┤
│ 0004_booking_claim_fk.sql                             │ ✅     │
├───────────────────────────────────────────────────────┼────────┤
│ 0005_reception_lifecycle.sql                          │ ✅     │
├───────────────────────────────────────────────────────┼────────┤
│ 0006_lifecycle_transition_guards.sql                  │ ✅     │
├───────────────────────────────────────────────────────┼────────┤
│ 0007_lifecycle_atomic_guards.sql                      │ ✅     │
├───────────────────────────────────────────────────────┼────────┤
│ 0008_lifecycle_domain_parity.sql                      │ ✅     │
├───────────────────────────────────────────────────────┼────────┤
│ 0009_housekeeping_maintenance.sql                     │ 🕒️    │
├───────────────────────────────────────────────────────┼────────┤
│ 0010_billing.sql                                      │ 🕒️    │
├───────────────────────────────────────────────────────┼────────┤
│ 0011_cash_closure_audit.sql                           │ 🕒️    │
├───────────────────────────────────────────────────────┼────────┤
│ 0012_cash_closure_operation_token.sql                 │ 🕒️    │
├───────────────────────────────────────────────────────┼────────┤
│ 0013_noshow_reporting_parity.sql                      │ 🕒️    │
├───────────────────────────────────────────────────────┼────────┤
│ 0014_migration_source_parity.sql                      │ 🕒️    │
├───────────────────────────────────────────────────────┼────────┤
│ 0015_payment_operation_token.sql                      │ 🕒️    │
├───────────────────────────────────────────────────────┼────────┤
│ 0016_payment_operation_token_scope.sql                │ 🕒️    │
├───────────────────────────────────────────────────────┼────────┤
│ 0017_reporting_indexes.sql                            │ 🕒️    │
├───────────────────────────────────────────────────────┼────────┤
│ 0018_agent_mutation_provenance.sql                    │ 🕒️    │
├───────────────────────────────────────────────────────┼────────┤
│ 0019_billing_reconciliation.sql                       │ 🕒️    │
├───────────────────────────────────────────────────────┼────────┤
│ 0020_maintenance_impact.sql                           │ 🕒️    │
├───────────────────────────────────────────────────────┼────────┤
│ 0021_reassignment_remaining_nights.sql                │ 🕒️    │
├───────────────────────────────────────────────────────┼────────┤
│ 0022_room_state_dimensions.sql                        │ 🕒️    │
├───────────────────────────────────────────────────────┼────────┤
│ 0023_room_state_command_guards.sql                    │ 🕒️    │
├───────────────────────────────────────────────────────┼────────┤
│ 0024_reassignment_interval_room_versions.sql          │ 🕒️    │
├───────────────────────────────────────────────────────┼────────┤
│ 0025_segmented_stay_pricing.sql                       │ 🕒️    │
├───────────────────────────────────────────────────────┼────────┤
│ 0026_active_stay_pricing_bootstrap_shadow.sql         │ 🕒️    │
├───────────────────────────────────────────────────────┼────────┤
│ 0027_active_stay_bootstrap_segment_snapshot_guard.sql │ 🕒️    │
├───────────────────────────────────────────────────────┼────────┤
│ 0028_checkout_settlement_guard.sql                    │ 🕒️    │
├───────────────────────────────────────────────────────┼────────┤
│ 0029_reservation_creation_recovery.sql                │ 🕒️    │
├───────────────────────────────────────────────────────┼────────┤
│ 0030_extra_charge_operation_identity.sql              │ 🕒️    │
└───────────────────────────────────────────────────────┴────────┘
🌀 Executing on local database HOTEL_SECOND_DB (00000000-0000-0000-0000-000000000003) from ../../../../../tmp/tmp.3J9jDuCSfk/state/v3/d1:
🌀 To execute on your remote database, add a --remote flag to your wrangler command.
🚣 8 commands executed successfully.
┌───────────────────────────────────────────────────────┬────────┐
│ name                                                  │ status │
├───────────────────────────────────────────────────────┼────────┤
│ 0001_foundation.sql                                   │ ✅     │
├───────────────────────────────────────────────────────┼────────┤
│ 0002_rooms_guests_holds.sql                           │ ✅     │
├───────────────────────────────────────────────────────┼────────┤
│ 0003_bookings.sql                                     │ ✅     │
├───────────────────────────────────────────────────────┼────────┤
│ 0004_booking_claim_fk.sql                             │ ✅     │
├───────────────────────────────────────────────────────┼────────┤
│ 0005_reception_lifecycle.sql                          │ ✅     │
├───────────────────────────────────────────────────────┼────────┤
│ 0006_lifecycle_transition_guards.sql                  │ ✅     │
├───────────────────────────────────────────────────────┼────────┤
│ 0007_lifecycle_atomic_guards.sql                      │ ✅     │
├───────────────────────────────────────────────────────┼────────┤
│ 0008_lifecycle_domain_parity.sql                      │ ✅     │
├───────────────────────────────────────────────────────┼────────┤
│ 0009_housekeeping_maintenance.sql                     │ ✅     │
├───────────────────────────────────────────────────────┼────────┤
│ 0010_billing.sql                                      │ 🕒️    │
├───────────────────────────────────────────────────────┼────────┤
│ 0011_cash_closure_audit.sql                           │ 🕒️    │
├───────────────────────────────────────────────────────┼────────┤
│ 0012_cash_closure_operation_token.sql                 │ 🕒️    │
├───────────────────────────────────────────────────────┼────────┤
│ 0013_noshow_reporting_parity.sql                      │ 🕒️    │
├───────────────────────────────────────────────────────┼────────┤
│ 0014_migration_source_parity.sql                      │ 🕒️    │
├───────────────────────────────────────────────────────┼────────┤
│ 0015_payment_operation_token.sql                      │ 🕒️    │
├───────────────────────────────────────────────────────┼────────┤
│ 0016_payment_operation_token_scope.sql                │ 🕒️    │
├───────────────────────────────────────────────────────┼────────┤
│ 0017_reporting_indexes.sql                            │ 🕒️    │
├───────────────────────────────────────────────────────┼────────┤
│ 0018_agent_mutation_provenance.sql                    │ 🕒️    │
├───────────────────────────────────────────────────────┼────────┤
│ 0019_billing_reconciliation.sql                       │ 🕒️    │
├───────────────────────────────────────────────────────┼────────┤
│ 0020_maintenance_impact.sql                           │ 🕒️    │
├───────────────────────────────────────────────────────┼────────┤
│ 0021_reassignment_remaining_nights.sql                │ 🕒️    │
├───────────────────────────────────────────────────────┼────────┤
│ 0022_room_state_dimensions.sql                        │ 🕒️    │
├───────────────────────────────────────────────────────┼────────┤
│ 0023_room_state_command_guards.sql                    │ 🕒️    │
├───────────────────────────────────────────────────────┼────────┤
│ 0024_reassignment_interval_room_versions.sql          │ 🕒️    │
├───────────────────────────────────────────────────────┼────────┤
│ 0025_segmented_stay_pricing.sql                       │ 🕒️    │
├───────────────────────────────────────────────────────┼────────┤
│ 0026_active_stay_pricing_bootstrap_shadow.sql         │ 🕒️    │
├───────────────────────────────────────────────────────┼────────┤
│ 0027_active_stay_bootstrap_segment_snapshot_guard.sql │ 🕒️    │
├───────────────────────────────────────────────────────┼────────┤
│ 0028_checkout_settlement_guard.sql                    │ 🕒️    │
├───────────────────────────────────────────────────────┼────────┤
│ 0029_reservation_creation_recovery.sql                │ 🕒️    │
├───────────────────────────────────────────────────────┼────────┤
│ 0030_extra_charge_operation_identity.sql              │ 🕒️    │
└───────────────────────────────────────────────────────┴────────┘
🌀 Executing on local database HOTEL_SECOND_DB (00000000-0000-0000-0000-000000000003) from ../../../../../tmp/tmp.3J9jDuCSfk/state/v3/d1:
🌀 To execute on your remote database, add a --remote flag to your wrangler command.
🚣 13 commands executed successfully.
┌───────────────────────────────────────────────────────┬────────┐
│ name                                                  │ status │
├───────────────────────────────────────────────────────┼────────┤
│ 0001_foundation.sql                                   │ ✅     │
├───────────────────────────────────────────────────────┼────────┤
│ 0002_rooms_guests_holds.sql                           │ ✅     │
├───────────────────────────────────────────────────────┼────────┤
│ 0003_bookings.sql                                     │ ✅     │
├───────────────────────────────────────────────────────┼────────┤
│ 0004_booking_claim_fk.sql                             │ ✅     │
├───────────────────────────────────────────────────────┼────────┤
│ 0005_reception_lifecycle.sql                          │ ✅     │
├───────────────────────────────────────────────────────┼────────┤
│ 0006_lifecycle_transition_guards.sql                  │ ✅     │
├───────────────────────────────────────────────────────┼────────┤
│ 0007_lifecycle_atomic_guards.sql                      │ ✅     │
├───────────────────────────────────────────────────────┼────────┤
│ 0008_lifecycle_domain_parity.sql                      │ ✅     │
├───────────────────────────────────────────────────────┼────────┤
│ 0009_housekeeping_maintenance.sql                     │ ✅     │
├───────────────────────────────────────────────────────┼────────┤
│ 0010_billing.sql                                      │ ✅     │
├───────────────────────────────────────────────────────┼────────┤
│ 0011_cash_closure_audit.sql                           │ 🕒️    │
├───────────────────────────────────────────────────────┼────────┤
│ 0012_cash_closure_operation_token.sql                 │ 🕒️    │
├───────────────────────────────────────────────────────┼────────┤
│ 0013_noshow_reporting_parity.sql                      │ 🕒️    │
├───────────────────────────────────────────────────────┼────────┤
│ 0014_migration_source_parity.sql                      │ 🕒️    │
├───────────────────────────────────────────────────────┼────────┤
│ 0015_payment_operation_token.sql                      │ 🕒️    │
├───────────────────────────────────────────────────────┼────────┤
│ 0016_payment_operation_token_scope.sql                │ 🕒️    │
├───────────────────────────────────────────────────────┼────────┤
│ 0017_reporting_indexes.sql                            │ 🕒️    │
├───────────────────────────────────────────────────────┼────────┤
│ 0018_agent_mutation_provenance.sql                    │ 🕒️    │
├───────────────────────────────────────────────────────┼────────┤
│ 0019_billing_reconciliation.sql                       │ 🕒️    │
├───────────────────────────────────────────────────────┼────────┤
│ 0020_maintenance_impact.sql                           │ 🕒️    │
├───────────────────────────────────────────────────────┼────────┤
│ 0021_reassignment_remaining_nights.sql                │ 🕒️    │
├───────────────────────────────────────────────────────┼────────┤
│ 0022_room_state_dimensions.sql                        │ 🕒️    │
├───────────────────────────────────────────────────────┼────────┤
│ 0023_room_state_command_guards.sql                    │ 🕒️    │
├───────────────────────────────────────────────────────┼────────┤
│ 0024_reassignment_interval_room_versions.sql          │ 🕒️    │
├───────────────────────────────────────────────────────┼────────┤
│ 0025_segmented_stay_pricing.sql                       │ 🕒️    │
├───────────────────────────────────────────────────────┼────────┤
│ 0026_active_stay_pricing_bootstrap_shadow.sql         │ 🕒️    │
├───────────────────────────────────────────────────────┼────────┤
│ 0027_active_stay_bootstrap_segment_snapshot_guard.sql │ 🕒️    │
├───────────────────────────────────────────────────────┼────────┤
│ 0028_checkout_settlement_guard.sql                    │ 🕒️    │
├───────────────────────────────────────────────────────┼────────┤
│ 0029_reservation_creation_recovery.sql                │ 🕒️    │
├───────────────────────────────────────────────────────┼────────┤
│ 0030_extra_charge_operation_identity.sql              │ 🕒️    │
└───────────────────────────────────────────────────────┴────────┘
🌀 Executing on local database HOTEL_SECOND_DB (00000000-0000-0000-0000-000000000003) from ../../../../../tmp/tmp.3J9jDuCSfk/state/v3/d1:
🌀 To execute on your remote database, add a --remote flag to your wrangler command.
🚣 5 commands executed successfully.
┌───────────────────────────────────────────────────────┬────────┐
│ name                                                  │ status │
├───────────────────────────────────────────────────────┼────────┤
│ 0001_foundation.sql                                   │ ✅     │
├───────────────────────────────────────────────────────┼────────┤
│ 0002_rooms_guests_holds.sql                           │ ✅     │
├───────────────────────────────────────────────────────┼────────┤
│ 0003_bookings.sql                                     │ ✅     │
├───────────────────────────────────────────────────────┼────────┤
│ 0004_booking_claim_fk.sql                             │ ✅     │
├───────────────────────────────────────────────────────┼────────┤
│ 0005_reception_lifecycle.sql                          │ ✅     │
├───────────────────────────────────────────────────────┼────────┤
│ 0006_lifecycle_transition_guards.sql                  │ ✅     │
├───────────────────────────────────────────────────────┼────────┤
│ 0007_lifecycle_atomic_guards.sql                      │ ✅     │
├───────────────────────────────────────────────────────┼────────┤
│ 0008_lifecycle_domain_parity.sql                      │ ✅     │
├───────────────────────────────────────────────────────┼────────┤
│ 0009_housekeeping_maintenance.sql                     │ ✅     │
├───────────────────────────────────────────────────────┼────────┤
│ 0010_billing.sql                                      │ ✅     │
├───────────────────────────────────────────────────────┼────────┤
│ 0011_cash_closure_audit.sql                           │ ✅     │
├───────────────────────────────────────────────────────┼────────┤
│ 0012_cash_closure_operation_token.sql                 │ 🕒️    │
├───────────────────────────────────────────────────────┼────────┤
│ 0013_noshow_reporting_parity.sql                      │ 🕒️    │
├───────────────────────────────────────────────────────┼────────┤
│ 0014_migration_source_parity.sql                      │ 🕒️    │
├───────────────────────────────────────────────────────┼────────┤
│ 0015_payment_operation_token.sql                      │ 🕒️    │
├───────────────────────────────────────────────────────┼────────┤
│ 0016_payment_operation_token_scope.sql                │ 🕒️    │
├───────────────────────────────────────────────────────┼────────┤
│ 0017_reporting_indexes.sql                            │ 🕒️    │
├───────────────────────────────────────────────────────┼────────┤
│ 0018_agent_mutation_provenance.sql                    │ 🕒️    │
├───────────────────────────────────────────────────────┼────────┤
│ 0019_billing_reconciliation.sql                       │ 🕒️    │
├───────────────────────────────────────────────────────┼────────┤
│ 0020_maintenance_impact.sql                           │ 🕒️    │
├───────────────────────────────────────────────────────┼────────┤
│ 0021_reassignment_remaining_nights.sql                │ 🕒️    │
├───────────────────────────────────────────────────────┼────────┤
│ 0022_room_state_dimensions.sql                        │ 🕒️    │
├───────────────────────────────────────────────────────┼────────┤
│ 0023_room_state_command_guards.sql                    │ 🕒️    │
├───────────────────────────────────────────────────────┼────────┤
│ 0024_reassignment_interval_room_versions.sql          │ 🕒️    │
├───────────────────────────────────────────────────────┼────────┤
│ 0025_segmented_stay_pricing.sql                       │ 🕒️    │
├───────────────────────────────────────────────────────┼────────┤
│ 0026_active_stay_pricing_bootstrap_shadow.sql         │ 🕒️    │
├───────────────────────────────────────────────────────┼────────┤
│ 0027_active_stay_bootstrap_segment_snapshot_guard.sql │ 🕒️    │
├───────────────────────────────────────────────────────┼────────┤
│ 0028_checkout_settlement_guard.sql                    │ 🕒️    │
├───────────────────────────────────────────────────────┼────────┤
│ 0029_reservation_creation_recovery.sql                │ 🕒️    │
├───────────────────────────────────────────────────────┼────────┤
│ 0030_extra_charge_operation_identity.sql              │ 🕒️    │
└───────────────────────────────────────────────────────┴────────┘
🌀 Executing on local database HOTEL_SECOND_DB (00000000-0000-0000-0000-000000000003) from ../../../../../tmp/tmp.3J9jDuCSfk/state/v3/d1:
🌀 To execute on your remote database, add a --remote flag to your wrangler command.
🚣 3 commands executed successfully.
┌───────────────────────────────────────────────────────┬────────┐
│ name                                                  │ status │
├───────────────────────────────────────────────────────┼────────┤
│ 0001_foundation.sql                                   │ ✅     │
├───────────────────────────────────────────────────────┼────────┤
│ 0002_rooms_guests_holds.sql                           │ ✅     │
├───────────────────────────────────────────────────────┼────────┤
│ 0003_bookings.sql                                     │ ✅     │
├───────────────────────────────────────────────────────┼────────┤
│ 0004_booking_claim_fk.sql                             │ ✅     │
├───────────────────────────────────────────────────────┼────────┤
│ 0005_reception_lifecycle.sql                          │ ✅     │
├───────────────────────────────────────────────────────┼────────┤
│ 0006_lifecycle_transition_guards.sql                  │ ✅     │
├───────────────────────────────────────────────────────┼────────┤
│ 0007_lifecycle_atomic_guards.sql                      │ ✅     │
├───────────────────────────────────────────────────────┼────────┤
│ 0008_lifecycle_domain_parity.sql                      │ ✅     │
├───────────────────────────────────────────────────────┼────────┤
│ 0009_housekeeping_maintenance.sql                     │ ✅     │
├───────────────────────────────────────────────────────┼────────┤
│ 0010_billing.sql                                      │ ✅     │
├───────────────────────────────────────────────────────┼────────┤
│ 0011_cash_closure_audit.sql                           │ ✅     │
├───────────────────────────────────────────────────────┼────────┤
│ 0012_cash_closure_operation_token.sql                 │ ✅     │
├───────────────────────────────────────────────────────┼────────┤
│ 0013_noshow_reporting_parity.sql                      │ 🕒️    │
├───────────────────────────────────────────────────────┼────────┤
│ 0014_migration_source_parity.sql                      │ 🕒️    │
├───────────────────────────────────────────────────────┼────────┤
│ 0015_payment_operation_token.sql                      │ 🕒️    │
├───────────────────────────────────────────────────────┼────────┤
│ 0016_payment_operation_token_scope.sql                │ 🕒️    │
├───────────────────────────────────────────────────────┼────────┤
│ 0017_reporting_indexes.sql                            │ 🕒️    │
├───────────────────────────────────────────────────────┼────────┤
│ 0018_agent_mutation_provenance.sql                    │ 🕒️    │
├───────────────────────────────────────────────────────┼────────┤
│ 0019_billing_reconciliation.sql                       │ 🕒️    │
├───────────────────────────────────────────────────────┼────────┤
│ 0020_maintenance_impact.sql                           │ 🕒️    │
├───────────────────────────────────────────────────────┼────────┤
│ 0021_reassignment_remaining_nights.sql                │ 🕒️    │
├───────────────────────────────────────────────────────┼────────┤
│ 0022_room_state_dimensions.sql                        │ 🕒️    │
├───────────────────────────────────────────────────────┼────────┤
│ 0023_room_state_command_guards.sql                    │ 🕒️    │
├───────────────────────────────────────────────────────┼────────┤
│ 0024_reassignment_interval_room_versions.sql          │ 🕒️    │
├───────────────────────────────────────────────────────┼────────┤
│ 0025_segmented_stay_pricing.sql                       │ 🕒️    │
├───────────────────────────────────────────────────────┼────────┤
│ 0026_active_stay_pricing_bootstrap_shadow.sql         │ 🕒️    │
├───────────────────────────────────────────────────────┼────────┤
│ 0027_active_stay_bootstrap_segment_snapshot_guard.sql │ 🕒️    │
├───────────────────────────────────────────────────────┼────────┤
│ 0028_checkout_settlement_guard.sql                    │ 🕒️    │
├───────────────────────────────────────────────────────┼────────┤
│ 0029_reservation_creation_recovery.sql                │ 🕒️    │
├───────────────────────────────────────────────────────┼────────┤
│ 0030_extra_charge_operation_identity.sql              │ 🕒️    │
└───────────────────────────────────────────────────────┴────────┘
🌀 Executing on local database HOTEL_SECOND_DB (00000000-0000-0000-0000-000000000003) from ../../../../../tmp/tmp.3J9jDuCSfk/state/v3/d1:
🌀 To execute on your remote database, add a --remote flag to your wrangler command.
🚣 19 commands executed successfully.
┌───────────────────────────────────────────────────────┬────────┐
│ name                                                  │ status │
├───────────────────────────────────────────────────────┼────────┤
│ 0001_foundation.sql                                   │ ✅     │
├───────────────────────────────────────────────────────┼────────┤
│ 0002_rooms_guests_holds.sql                           │ ✅     │
├───────────────────────────────────────────────────────┼────────┤
│ 0003_bookings.sql                                     │ ✅     │
├───────────────────────────────────────────────────────┼────────┤
│ 0004_booking_claim_fk.sql                             │ ✅     │
├───────────────────────────────────────────────────────┼────────┤
│ 0005_reception_lifecycle.sql                          │ ✅     │
├───────────────────────────────────────────────────────┼────────┤
│ 0006_lifecycle_transition_guards.sql                  │ ✅     │
├───────────────────────────────────────────────────────┼────────┤
│ 0007_lifecycle_atomic_guards.sql                      │ ✅     │
├───────────────────────────────────────────────────────┼────────┤
│ 0008_lifecycle_domain_parity.sql                      │ ✅     │
├───────────────────────────────────────────────────────┼────────┤
│ 0009_housekeeping_maintenance.sql                     │ ✅     │
├───────────────────────────────────────────────────────┼────────┤
│ 0010_billing.sql                                      │ ✅     │
├───────────────────────────────────────────────────────┼────────┤
│ 0011_cash_closure_audit.sql                           │ ✅     │
├───────────────────────────────────────────────────────┼────────┤
│ 0012_cash_closure_operation_token.sql                 │ ✅     │
├───────────────────────────────────────────────────────┼────────┤
│ 0013_noshow_reporting_parity.sql                      │ ✅     │
├───────────────────────────────────────────────────────┼────────┤
│ 0014_migration_source_parity.sql                      │ 🕒️    │
├───────────────────────────────────────────────────────┼────────┤
│ 0015_payment_operation_token.sql                      │ 🕒️    │
├───────────────────────────────────────────────────────┼────────┤
│ 0016_payment_operation_token_scope.sql                │ 🕒️    │
├───────────────────────────────────────────────────────┼────────┤
│ 0017_reporting_indexes.sql                            │ 🕒️    │
├───────────────────────────────────────────────────────┼────────┤
│ 0018_agent_mutation_provenance.sql                    │ 🕒️    │
├───────────────────────────────────────────────────────┼────────┤
│ 0019_billing_reconciliation.sql                       │ 🕒️    │
├───────────────────────────────────────────────────────┼────────┤
│ 0020_maintenance_impact.sql                           │ 🕒️    │
├───────────────────────────────────────────────────────┼────────┤
│ 0021_reassignment_remaining_nights.sql                │ 🕒️    │
├───────────────────────────────────────────────────────┼────────┤
│ 0022_room_state_dimensions.sql                        │ 🕒️    │
├───────────────────────────────────────────────────────┼────────┤
│ 0023_room_state_command_guards.sql                    │ 🕒️    │
├───────────────────────────────────────────────────────┼────────┤
│ 0024_reassignment_interval_room_versions.sql          │ 🕒️    │
├───────────────────────────────────────────────────────┼────────┤
│ 0025_segmented_stay_pricing.sql                       │ 🕒️    │
├───────────────────────────────────────────────────────┼────────┤
│ 0026_active_stay_pricing_bootstrap_shadow.sql         │ 🕒️    │
├───────────────────────────────────────────────────────┼────────┤
│ 0027_active_stay_bootstrap_segment_snapshot_guard.sql │ 🕒️    │
├───────────────────────────────────────────────────────┼────────┤
│ 0028_checkout_settlement_guard.sql                    │ 🕒️    │
├───────────────────────────────────────────────────────┼────────┤
│ 0029_reservation_creation_recovery.sql                │ 🕒️    │
├───────────────────────────────────────────────────────┼────────┤
│ 0030_extra_charge_operation_identity.sql              │ 🕒️    │
└───────────────────────────────────────────────────────┴────────┘
🌀 Executing on local database HOTEL_SECOND_DB (00000000-0000-0000-0000-000000000003) from ../../../../../tmp/tmp.3J9jDuCSfk/state/v3/d1:
🌀 To execute on your remote database, add a --remote flag to your wrangler command.
🚣 20 commands executed successfully.
┌───────────────────────────────────────────────────────┬────────┐
│ name                                                  │ status │
├───────────────────────────────────────────────────────┼────────┤
│ 0001_foundation.sql                                   │ ✅     │
├───────────────────────────────────────────────────────┼────────┤
│ 0002_rooms_guests_holds.sql                           │ ✅     │
├───────────────────────────────────────────────────────┼────────┤
│ 0003_bookings.sql                                     │ ✅     │
├───────────────────────────────────────────────────────┼────────┤
│ 0004_booking_claim_fk.sql                             │ ✅     │
├───────────────────────────────────────────────────────┼────────┤
│ 0005_reception_lifecycle.sql                          │ ✅     │
├───────────────────────────────────────────────────────┼────────┤
│ 0006_lifecycle_transition_guards.sql                  │ ✅     │
├───────────────────────────────────────────────────────┼────────┤
│ 0007_lifecycle_atomic_guards.sql                      │ ✅     │
├───────────────────────────────────────────────────────┼────────┤
│ 0008_lifecycle_domain_parity.sql                      │ ✅     │
├───────────────────────────────────────────────────────┼────────┤
│ 0009_housekeeping_maintenance.sql                     │ ✅     │
├───────────────────────────────────────────────────────┼────────┤
│ 0010_billing.sql                                      │ ✅     │
├───────────────────────────────────────────────────────┼────────┤
│ 0011_cash_closure_audit.sql                           │ ✅     │
├───────────────────────────────────────────────────────┼────────┤
│ 0012_cash_closure_operation_token.sql                 │ ✅     │
├───────────────────────────────────────────────────────┼────────┤
│ 0013_noshow_reporting_parity.sql                      │ ✅     │
├───────────────────────────────────────────────────────┼────────┤
│ 0014_migration_source_parity.sql                      │ ✅     │
├───────────────────────────────────────────────────────┼────────┤
│ 0015_payment_operation_token.sql                      │ 🕒️    │
├───────────────────────────────────────────────────────┼────────┤
│ 0016_payment_operation_token_scope.sql                │ 🕒️    │
├───────────────────────────────────────────────────────┼────────┤
│ 0017_reporting_indexes.sql                            │ 🕒️    │
├───────────────────────────────────────────────────────┼────────┤
│ 0018_agent_mutation_provenance.sql                    │ 🕒️    │
├───────────────────────────────────────────────────────┼────────┤
│ 0019_billing_reconciliation.sql                       │ 🕒️    │
├───────────────────────────────────────────────────────┼────────┤
│ 0020_maintenance_impact.sql                           │ 🕒️    │
├───────────────────────────────────────────────────────┼────────┤
│ 0021_reassignment_remaining_nights.sql                │ 🕒️    │
├───────────────────────────────────────────────────────┼────────┤
│ 0022_room_state_dimensions.sql                        │ 🕒️    │
├───────────────────────────────────────────────────────┼────────┤
│ 0023_room_state_command_guards.sql                    │ 🕒️    │
├───────────────────────────────────────────────────────┼────────┤
│ 0024_reassignment_interval_room_versions.sql          │ 🕒️    │
├───────────────────────────────────────────────────────┼────────┤
│ 0025_segmented_stay_pricing.sql                       │ 🕒️    │
├───────────────────────────────────────────────────────┼────────┤
│ 0026_active_stay_pricing_bootstrap_shadow.sql         │ 🕒️    │
├───────────────────────────────────────────────────────┼────────┤
│ 0027_active_stay_bootstrap_segment_snapshot_guard.sql │ 🕒️    │
├───────────────────────────────────────────────────────┼────────┤
│ 0028_checkout_settlement_guard.sql                    │ 🕒️    │
├───────────────────────────────────────────────────────┼────────┤
│ 0029_reservation_creation_recovery.sql                │ 🕒️    │
├───────────────────────────────────────────────────────┼────────┤
│ 0030_extra_charge_operation_identity.sql              │ 🕒️    │
└───────────────────────────────────────────────────────┴────────┘
🌀 Executing on local database HOTEL_SECOND_DB (00000000-0000-0000-0000-000000000003) from ../../../../../tmp/tmp.3J9jDuCSfk/state/v3/d1:
🌀 To execute on your remote database, add a --remote flag to your wrangler command.
🚣 3 commands executed successfully.
┌───────────────────────────────────────────────────────┬────────┐
│ name                                                  │ status │
├───────────────────────────────────────────────────────┼────────┤
│ 0001_foundation.sql                                   │ ✅     │
├───────────────────────────────────────────────────────┼────────┤
│ 0002_rooms_guests_holds.sql                           │ ✅     │
├───────────────────────────────────────────────────────┼────────┤
│ 0003_bookings.sql                                     │ ✅     │
├───────────────────────────────────────────────────────┼────────┤
│ 0004_booking_claim_fk.sql                             │ ✅     │
├───────────────────────────────────────────────────────┼────────┤
│ 0005_reception_lifecycle.sql                          │ ✅     │
├───────────────────────────────────────────────────────┼────────┤
│ 0006_lifecycle_transition_guards.sql                  │ ✅     │
├───────────────────────────────────────────────────────┼────────┤
│ 0007_lifecycle_atomic_guards.sql                      │ ✅     │
├───────────────────────────────────────────────────────┼────────┤
│ 0008_lifecycle_domain_parity.sql                      │ ✅     │
├───────────────────────────────────────────────────────┼────────┤
│ 0009_housekeeping_maintenance.sql                     │ ✅     │
├───────────────────────────────────────────────────────┼────────┤
│ 0010_billing.sql                                      │ ✅     │
├───────────────────────────────────────────────────────┼────────┤
│ 0011_cash_closure_audit.sql                           │ ✅     │
├───────────────────────────────────────────────────────┼────────┤
│ 0012_cash_closure_operation_token.sql                 │ ✅     │
├───────────────────────────────────────────────────────┼────────┤
│ 0013_noshow_reporting_parity.sql                      │ ✅     │
├───────────────────────────────────────────────────────┼────────┤
│ 0014_migration_source_parity.sql                      │ ✅     │
├───────────────────────────────────────────────────────┼────────┤
│ 0015_payment_operation_token.sql                      │ ✅     │
├───────────────────────────────────────────────────────┼────────┤
│ 0016_payment_operation_token_scope.sql                │ 🕒️    │
├───────────────────────────────────────────────────────┼────────┤
│ 0017_reporting_indexes.sql                            │ 🕒️    │
├───────────────────────────────────────────────────────┼────────┤
│ 0018_agent_mutation_provenance.sql                    │ 🕒️    │
├───────────────────────────────────────────────────────┼────────┤
│ 0019_billing_reconciliation.sql                       │ 🕒️    │
├───────────────────────────────────────────────────────┼────────┤
│ 0020_maintenance_impact.sql                           │ 🕒️    │
├───────────────────────────────────────────────────────┼────────┤
│ 0021_reassignment_remaining_nights.sql                │ 🕒️    │
├───────────────────────────────────────────────────────┼────────┤
│ 0022_room_state_dimensions.sql                        │ 🕒️    │
├───────────────────────────────────────────────────────┼────────┤
│ 0023_room_state_command_guards.sql                    │ 🕒️    │
├───────────────────────────────────────────────────────┼────────┤
│ 0024_reassignment_interval_room_versions.sql          │ 🕒️    │
├───────────────────────────────────────────────────────┼────────┤
│ 0025_segmented_stay_pricing.sql                       │ 🕒️    │
├───────────────────────────────────────────────────────┼────────┤
│ 0026_active_stay_pricing_bootstrap_shadow.sql         │ 🕒️    │
├───────────────────────────────────────────────────────┼────────┤
│ 0027_active_stay_bootstrap_segment_snapshot_guard.sql │ 🕒️    │
├───────────────────────────────────────────────────────┼────────┤
│ 0028_checkout_settlement_guard.sql                    │ 🕒️    │
├───────────────────────────────────────────────────────┼────────┤
│ 0029_reservation_creation_recovery.sql                │ 🕒️    │
├───────────────────────────────────────────────────────┼────────┤
│ 0030_extra_charge_operation_identity.sql              │ 🕒️    │
└───────────────────────────────────────────────────────┴────────┘
🌀 Executing on local database HOTEL_SECOND_DB (00000000-0000-0000-0000-000000000003) from ../../../../../tmp/tmp.3J9jDuCSfk/state/v3/d1:
🌀 To execute on your remote database, add a --remote flag to your wrangler command.
🚣 3 commands executed successfully.
┌───────────────────────────────────────────────────────┬────────┐
│ name                                                  │ status │
├───────────────────────────────────────────────────────┼────────┤
│ 0001_foundation.sql                                   │ ✅     │
├───────────────────────────────────────────────────────┼────────┤
│ 0002_rooms_guests_holds.sql                           │ ✅     │
├───────────────────────────────────────────────────────┼────────┤
│ 0003_bookings.sql                                     │ ✅     │
├───────────────────────────────────────────────────────┼────────┤
│ 0004_booking_claim_fk.sql                             │ ✅     │
├───────────────────────────────────────────────────────┼────────┤
│ 0005_reception_lifecycle.sql                          │ ✅     │
├───────────────────────────────────────────────────────┼────────┤
│ 0006_lifecycle_transition_guards.sql                  │ ✅     │
├───────────────────────────────────────────────────────┼────────┤
│ 0007_lifecycle_atomic_guards.sql                      │ ✅     │
├───────────────────────────────────────────────────────┼────────┤
│ 0008_lifecycle_domain_parity.sql                      │ ✅     │
├───────────────────────────────────────────────────────┼────────┤
│ 0009_housekeeping_maintenance.sql                     │ ✅     │
├───────────────────────────────────────────────────────┼────────┤
│ 0010_billing.sql                                      │ ✅     │
├───────────────────────────────────────────────────────┼────────┤
│ 0011_cash_closure_audit.sql                           │ ✅     │
├───────────────────────────────────────────────────────┼────────┤
│ 0012_cash_closure_operation_token.sql                 │ ✅     │
├───────────────────────────────────────────────────────┼────────┤
│ 0013_noshow_reporting_parity.sql                      │ ✅     │
├───────────────────────────────────────────────────────┼────────┤
│ 0014_migration_source_parity.sql                      │ ✅     │
├───────────────────────────────────────────────────────┼────────┤
│ 0015_payment_operation_token.sql                      │ ✅     │
├───────────────────────────────────────────────────────┼────────┤
│ 0016_payment_operation_token_scope.sql                │ ✅     │
├───────────────────────────────────────────────────────┼────────┤
│ 0017_reporting_indexes.sql                            │ 🕒️    │
├───────────────────────────────────────────────────────┼────────┤
│ 0018_agent_mutation_provenance.sql                    │ 🕒️    │
├───────────────────────────────────────────────────────┼────────┤
│ 0019_billing_reconciliation.sql                       │ 🕒️    │
├───────────────────────────────────────────────────────┼────────┤
│ 0020_maintenance_impact.sql                           │ 🕒️    │
├───────────────────────────────────────────────────────┼────────┤
│ 0021_reassignment_remaining_nights.sql                │ 🕒️    │
├───────────────────────────────────────────────────────┼────────┤
│ 0022_room_state_dimensions.sql                        │ 🕒️    │
├───────────────────────────────────────────────────────┼────────┤
│ 0023_room_state_command_guards.sql                    │ 🕒️    │
├───────────────────────────────────────────────────────┼────────┤
│ 0024_reassignment_interval_room_versions.sql          │ 🕒️    │
├───────────────────────────────────────────────────────┼────────┤
│ 0025_segmented_stay_pricing.sql                       │ 🕒️    │
├───────────────────────────────────────────────────────┼────────┤
│ 0026_active_stay_pricing_bootstrap_shadow.sql         │ 🕒️    │
├───────────────────────────────────────────────────────┼────────┤
│ 0027_active_stay_bootstrap_segment_snapshot_guard.sql │ 🕒️    │
├───────────────────────────────────────────────────────┼────────┤
│ 0028_checkout_settlement_guard.sql                    │ 🕒️    │
├───────────────────────────────────────────────────────┼────────┤
│ 0029_reservation_creation_recovery.sql                │ 🕒️    │
├───────────────────────────────────────────────────────┼────────┤
│ 0030_extra_charge_operation_identity.sql              │ 🕒️    │
└───────────────────────────────────────────────────────┴────────┘
🌀 Executing on local database HOTEL_SECOND_DB (00000000-0000-0000-0000-000000000003) from ../../../../../tmp/tmp.3J9jDuCSfk/state/v3/d1:
🌀 To execute on your remote database, add a --remote flag to your wrangler command.
🚣 3 commands executed successfully.
┌───────────────────────────────────────────────────────┬────────┐
│ name                                                  │ status │
├───────────────────────────────────────────────────────┼────────┤
│ 0001_foundation.sql                                   │ ✅     │
├───────────────────────────────────────────────────────┼────────┤
│ 0002_rooms_guests_holds.sql                           │ ✅     │
├───────────────────────────────────────────────────────┼────────┤
│ 0003_bookings.sql                                     │ ✅     │
├───────────────────────────────────────────────────────┼────────┤
│ 0004_booking_claim_fk.sql                             │ ✅     │
├───────────────────────────────────────────────────────┼────────┤
│ 0005_reception_lifecycle.sql                          │ ✅     │
├───────────────────────────────────────────────────────┼────────┤
│ 0006_lifecycle_transition_guards.sql                  │ ✅     │
├───────────────────────────────────────────────────────┼────────┤
│ 0007_lifecycle_atomic_guards.sql                      │ ✅     │
├───────────────────────────────────────────────────────┼────────┤
│ 0008_lifecycle_domain_parity.sql                      │ ✅     │
├───────────────────────────────────────────────────────┼────────┤
│ 0009_housekeeping_maintenance.sql                     │ ✅     │
├───────────────────────────────────────────────────────┼────────┤
│ 0010_billing.sql                                      │ ✅     │
├───────────────────────────────────────────────────────┼────────┤
│ 0011_cash_closure_audit.sql                           │ ✅     │
├───────────────────────────────────────────────────────┼────────┤
│ 0012_cash_closure_operation_token.sql                 │ ✅     │
├───────────────────────────────────────────────────────┼────────┤
│ 0013_noshow_reporting_parity.sql                      │ ✅     │
├───────────────────────────────────────────────────────┼────────┤
│ 0014_migration_source_parity.sql                      │ ✅     │
├───────────────────────────────────────────────────────┼────────┤
│ 0015_payment_operation_token.sql                      │ ✅     │
├───────────────────────────────────────────────────────┼────────┤
│ 0016_payment_operation_token_scope.sql                │ ✅     │
├───────────────────────────────────────────────────────┼────────┤
│ 0017_reporting_indexes.sql                            │ ✅     │
├───────────────────────────────────────────────────────┼────────┤
│ 0018_agent_mutation_provenance.sql                    │ 🕒️    │
├───────────────────────────────────────────────────────┼────────┤
│ 0019_billing_reconciliation.sql                       │ 🕒️    │
├───────────────────────────────────────────────────────┼────────┤
│ 0020_maintenance_impact.sql                           │ 🕒️    │
├───────────────────────────────────────────────────────┼────────┤
│ 0021_reassignment_remaining_nights.sql                │ 🕒️    │
├───────────────────────────────────────────────────────┼────────┤
│ 0022_room_state_dimensions.sql                        │ 🕒️    │
├───────────────────────────────────────────────────────┼────────┤
│ 0023_room_state_command_guards.sql                    │ 🕒️    │
├───────────────────────────────────────────────────────┼────────┤
│ 0024_reassignment_interval_room_versions.sql          │ 🕒️    │
├───────────────────────────────────────────────────────┼────────┤
│ 0025_segmented_stay_pricing.sql                       │ 🕒️    │
├───────────────────────────────────────────────────────┼────────┤
│ 0026_active_stay_pricing_bootstrap_shadow.sql         │ 🕒️    │
├───────────────────────────────────────────────────────┼────────┤
│ 0027_active_stay_bootstrap_segment_snapshot_guard.sql │ 🕒️    │
├───────────────────────────────────────────────────────┼────────┤
│ 0028_checkout_settlement_guard.sql                    │ 🕒️    │
├───────────────────────────────────────────────────────┼────────┤
│ 0029_reservation_creation_recovery.sql                │ 🕒️    │
├───────────────────────────────────────────────────────┼────────┤
│ 0030_extra_charge_operation_identity.sql              │ 🕒️    │
└───────────────────────────────────────────────────────┴────────┘
🌀 Executing on local database HOTEL_SECOND_DB (00000000-0000-0000-0000-000000000003) from ../../../../../tmp/tmp.3J9jDuCSfk/state/v3/d1:
🌀 To execute on your remote database, add a --remote flag to your wrangler command.
🚣 6 commands executed successfully.
┌───────────────────────────────────────────────────────┬────────┐
│ name                                                  │ status │
├───────────────────────────────────────────────────────┼────────┤
│ 0001_foundation.sql                                   │ ✅     │
├───────────────────────────────────────────────────────┼────────┤
│ 0002_rooms_guests_holds.sql                           │ ✅     │
├───────────────────────────────────────────────────────┼────────┤
│ 0003_bookings.sql                                     │ ✅     │
├───────────────────────────────────────────────────────┼────────┤
│ 0004_booking_claim_fk.sql                             │ ✅     │
├───────────────────────────────────────────────────────┼────────┤
│ 0005_reception_lifecycle.sql                          │ ✅     │
├───────────────────────────────────────────────────────┼────────┤
│ 0006_lifecycle_transition_guards.sql                  │ ✅     │
├───────────────────────────────────────────────────────┼────────┤
│ 0007_lifecycle_atomic_guards.sql                      │ ✅     │
├───────────────────────────────────────────────────────┼────────┤
│ 0008_lifecycle_domain_parity.sql                      │ ✅     │
├───────────────────────────────────────────────────────┼────────┤
│ 0009_housekeeping_maintenance.sql                     │ ✅     │
├───────────────────────────────────────────────────────┼────────┤
│ 0010_billing.sql                                      │ ✅     │
├───────────────────────────────────────────────────────┼────────┤
│ 0011_cash_closure_audit.sql                           │ ✅     │
├───────────────────────────────────────────────────────┼────────┤
│ 0012_cash_closure_operation_token.sql                 │ ✅     │
├───────────────────────────────────────────────────────┼────────┤
│ 0013_noshow_reporting_parity.sql                      │ ✅     │
├───────────────────────────────────────────────────────┼────────┤
│ 0014_migration_source_parity.sql                      │ ✅     │
├───────────────────────────────────────────────────────┼────────┤
│ 0015_payment_operation_token.sql                      │ ✅     │
├───────────────────────────────────────────────────────┼────────┤
│ 0016_payment_operation_token_scope.sql                │ ✅     │
├───────────────────────────────────────────────────────┼────────┤
│ 0017_reporting_indexes.sql                            │ ✅     │
├───────────────────────────────────────────────────────┼────────┤
│ 0018_agent_mutation_provenance.sql                    │ ✅     │
├───────────────────────────────────────────────────────┼────────┤
│ 0019_billing_reconciliation.sql                       │ 🕒️    │
├───────────────────────────────────────────────────────┼────────┤
│ 0020_maintenance_impact.sql                           │ 🕒️    │
├───────────────────────────────────────────────────────┼────────┤
│ 0021_reassignment_remaining_nights.sql                │ 🕒️    │
├───────────────────────────────────────────────────────┼────────┤
│ 0022_room_state_dimensions.sql                        │ 🕒️    │
├───────────────────────────────────────────────────────┼────────┤
│ 0023_room_state_command_guards.sql                    │ 🕒️    │
├───────────────────────────────────────────────────────┼────────┤
│ 0024_reassignment_interval_room_versions.sql          │ 🕒️    │
├───────────────────────────────────────────────────────┼────────┤
│ 0025_segmented_stay_pricing.sql                       │ 🕒️    │
├───────────────────────────────────────────────────────┼────────┤
│ 0026_active_stay_pricing_bootstrap_shadow.sql         │ 🕒️    │
├───────────────────────────────────────────────────────┼────────┤
│ 0027_active_stay_bootstrap_segment_snapshot_guard.sql │ 🕒️    │
├───────────────────────────────────────────────────────┼────────┤
│ 0028_checkout_settlement_guard.sql                    │ 🕒️    │
├───────────────────────────────────────────────────────┼────────┤
│ 0029_reservation_creation_recovery.sql                │ 🕒️    │
├───────────────────────────────────────────────────────┼────────┤
│ 0030_extra_charge_operation_identity.sql              │ 🕒️    │
└───────────────────────────────────────────────────────┴────────┘
🌀 Executing on local database HOTEL_SECOND_DB (00000000-0000-0000-0000-000000000003) from ../../../../../tmp/tmp.3J9jDuCSfk/state/v3/d1:
🌀 To execute on your remote database, add a --remote flag to your wrangler command.
🚣 13 commands executed successfully.
┌───────────────────────────────────────────────────────┬────────┐
│ name                                                  │ status │
├───────────────────────────────────────────────────────┼────────┤
│ 0001_foundation.sql                                   │ ✅     │
├───────────────────────────────────────────────────────┼────────┤
│ 0002_rooms_guests_holds.sql                           │ ✅     │
├───────────────────────────────────────────────────────┼────────┤
│ 0003_bookings.sql                                     │ ✅     │
├───────────────────────────────────────────────────────┼────────┤
│ 0004_booking_claim_fk.sql                             │ ✅     │
├───────────────────────────────────────────────────────┼────────┤
│ 0005_reception_lifecycle.sql                          │ ✅     │
├───────────────────────────────────────────────────────┼────────┤
│ 0006_lifecycle_transition_guards.sql                  │ ✅     │
├───────────────────────────────────────────────────────┼────────┤
│ 0007_lifecycle_atomic_guards.sql                      │ ✅     │
├───────────────────────────────────────────────────────┼────────┤
│ 0008_lifecycle_domain_parity.sql                      │ ✅     │
├───────────────────────────────────────────────────────┼────────┤
│ 0009_housekeeping_maintenance.sql                     │ ✅     │
├───────────────────────────────────────────────────────┼────────┤
│ 0010_billing.sql                                      │ ✅     │
├───────────────────────────────────────────────────────┼────────┤
│ 0011_cash_closure_audit.sql                           │ ✅     │
├───────────────────────────────────────────────────────┼────────┤
│ 0012_cash_closure_operation_token.sql                 │ ✅     │
├───────────────────────────────────────────────────────┼────────┤
│ 0013_noshow_reporting_parity.sql                      │ ✅     │
├───────────────────────────────────────────────────────┼────────┤
│ 0014_migration_source_parity.sql                      │ ✅     │
├───────────────────────────────────────────────────────┼────────┤
│ 0015_payment_operation_token.sql                      │ ✅     │
├───────────────────────────────────────────────────────┼────────┤
│ 0016_payment_operation_token_scope.sql                │ ✅     │
├───────────────────────────────────────────────────────┼────────┤
│ 0017_reporting_indexes.sql                            │ ✅     │
├───────────────────────────────────────────────────────┼────────┤
│ 0018_agent_mutation_provenance.sql                    │ ✅     │
├───────────────────────────────────────────────────────┼────────┤
│ 0019_billing_reconciliation.sql                       │ ✅     │
├───────────────────────────────────────────────────────┼────────┤
│ 0020_maintenance_impact.sql                           │ 🕒️    │
├───────────────────────────────────────────────────────┼────────┤
│ 0021_reassignment_remaining_nights.sql                │ 🕒️    │
├───────────────────────────────────────────────────────┼────────┤
│ 0022_room_state_dimensions.sql                        │ 🕒️    │
├───────────────────────────────────────────────────────┼────────┤
│ 0023_room_state_command_guards.sql                    │ 🕒️    │
├───────────────────────────────────────────────────────┼────────┤
│ 0024_reassignment_interval_room_versions.sql          │ 🕒️    │
├───────────────────────────────────────────────────────┼────────┤
│ 0025_segmented_stay_pricing.sql                       │ 🕒️    │
├───────────────────────────────────────────────────────┼────────┤
│ 0026_active_stay_pricing_bootstrap_shadow.sql         │ 🕒️    │
├───────────────────────────────────────────────────────┼────────┤
│ 0027_active_stay_bootstrap_segment_snapshot_guard.sql │ 🕒️    │
├───────────────────────────────────────────────────────┼────────┤
│ 0028_checkout_settlement_guard.sql                    │ 🕒️    │
├───────────────────────────────────────────────────────┼────────┤
│ 0029_reservation_creation_recovery.sql                │ 🕒️    │
├───────────────────────────────────────────────────────┼────────┤
│ 0030_extra_charge_operation_identity.sql              │ 🕒️    │
└───────────────────────────────────────────────────────┴────────┘
🌀 Executing on local database HOTEL_SECOND_DB (00000000-0000-0000-0000-000000000003) from ../../../../../tmp/tmp.3J9jDuCSfk/state/v3/d1:
🌀 To execute on your remote database, add a --remote flag to your wrangler command.
🚣 9 commands executed successfully.
┌───────────────────────────────────────────────────────┬────────┐
│ name                                                  │ status │
├───────────────────────────────────────────────────────┼────────┤
│ 0001_foundation.sql                                   │ ✅     │
├───────────────────────────────────────────────────────┼────────┤
│ 0002_rooms_guests_holds.sql                           │ ✅     │
├───────────────────────────────────────────────────────┼────────┤
│ 0003_bookings.sql                                     │ ✅     │
├───────────────────────────────────────────────────────┼────────┤
│ 0004_booking_claim_fk.sql                             │ ✅     │
├───────────────────────────────────────────────────────┼────────┤
│ 0005_reception_lifecycle.sql                          │ ✅     │
├───────────────────────────────────────────────────────┼────────┤
│ 0006_lifecycle_transition_guards.sql                  │ ✅     │
├───────────────────────────────────────────────────────┼────────┤
│ 0007_lifecycle_atomic_guards.sql                      │ ✅     │
├───────────────────────────────────────────────────────┼────────┤
│ 0008_lifecycle_domain_parity.sql                      │ ✅     │
├───────────────────────────────────────────────────────┼────────┤
│ 0009_housekeeping_maintenance.sql                     │ ✅     │
├───────────────────────────────────────────────────────┼────────┤
│ 0010_billing.sql                                      │ ✅     │
├───────────────────────────────────────────────────────┼────────┤
│ 0011_cash_closure_audit.sql                           │ ✅     │
├───────────────────────────────────────────────────────┼────────┤
│ 0012_cash_closure_operation_token.sql                 │ ✅     │
├───────────────────────────────────────────────────────┼────────┤
│ 0013_noshow_reporting_parity.sql                      │ ✅     │
├───────────────────────────────────────────────────────┼────────┤
│ 0014_migration_source_parity.sql                      │ ✅     │
├───────────────────────────────────────────────────────┼────────┤
│ 0015_payment_operation_token.sql                      │ ✅     │
├───────────────────────────────────────────────────────┼────────┤
│ 0016_payment_operation_token_scope.sql                │ ✅     │
├───────────────────────────────────────────────────────┼────────┤
│ 0017_reporting_indexes.sql                            │ ✅     │
├───────────────────────────────────────────────────────┼────────┤
│ 0018_agent_mutation_provenance.sql                    │ ✅     │
├───────────────────────────────────────────────────────┼────────┤
│ 0019_billing_reconciliation.sql                       │ ✅     │
├───────────────────────────────────────────────────────┼────────┤
│ 0020_maintenance_impact.sql                           │ ✅     │
├───────────────────────────────────────────────────────┼────────┤
│ 0021_reassignment_remaining_nights.sql                │ 🕒️    │
├───────────────────────────────────────────────────────┼────────┤
│ 0022_room_state_dimensions.sql                        │ 🕒️    │
├───────────────────────────────────────────────────────┼────────┤
│ 0023_room_state_command_guards.sql                    │ 🕒️    │
├───────────────────────────────────────────────────────┼────────┤
│ 0024_reassignment_interval_room_versions.sql          │ 🕒️    │
├───────────────────────────────────────────────────────┼────────┤
│ 0025_segmented_stay_pricing.sql                       │ 🕒️    │
├───────────────────────────────────────────────────────┼────────┤
│ 0026_active_stay_pricing_bootstrap_shadow.sql         │ 🕒️    │
├───────────────────────────────────────────────────────┼────────┤
│ 0027_active_stay_bootstrap_segment_snapshot_guard.sql │ 🕒️    │
├───────────────────────────────────────────────────────┼────────┤
│ 0028_checkout_settlement_guard.sql                    │ 🕒️    │
├───────────────────────────────────────────────────────┼────────┤
│ 0029_reservation_creation_recovery.sql                │ 🕒️    │
├───────────────────────────────────────────────────────┼────────┤
│ 0030_extra_charge_operation_identity.sql              │ 🕒️    │
└───────────────────────────────────────────────────────┴────────┘
🌀 Executing on local database HOTEL_SECOND_DB (00000000-0000-0000-0000-000000000003) from ../../../../../tmp/tmp.3J9jDuCSfk/state/v3/d1:
🌀 To execute on your remote database, add a --remote flag to your wrangler command.
🚣 3 commands executed successfully.
┌───────────────────────────────────────────────────────┬────────┐
│ name                                                  │ status │
├───────────────────────────────────────────────────────┼────────┤
│ 0001_foundation.sql                                   │ ✅     │
├───────────────────────────────────────────────────────┼────────┤
│ 0002_rooms_guests_holds.sql                           │ ✅     │
├───────────────────────────────────────────────────────┼────────┤
│ 0003_bookings.sql                                     │ ✅     │
├───────────────────────────────────────────────────────┼────────┤
│ 0004_booking_claim_fk.sql                             │ ✅     │
├───────────────────────────────────────────────────────┼────────┤
│ 0005_reception_lifecycle.sql                          │ ✅     │
├───────────────────────────────────────────────────────┼────────┤
│ 0006_lifecycle_transition_guards.sql                  │ ✅     │
├───────────────────────────────────────────────────────┼────────┤
│ 0007_lifecycle_atomic_guards.sql                      │ ✅     │
├───────────────────────────────────────────────────────┼────────┤
│ 0008_lifecycle_domain_parity.sql                      │ ✅     │
├───────────────────────────────────────────────────────┼────────┤
│ 0009_housekeeping_maintenance.sql                     │ ✅     │
├───────────────────────────────────────────────────────┼────────┤
│ 0010_billing.sql                                      │ ✅     │
├───────────────────────────────────────────────────────┼────────┤
│ 0011_cash_closure_audit.sql                           │ ✅     │
├───────────────────────────────────────────────────────┼────────┤
│ 0012_cash_closure_operation_token.sql                 │ ✅     │
├───────────────────────────────────────────────────────┼────────┤
│ 0013_noshow_reporting_parity.sql                      │ ✅     │
├───────────────────────────────────────────────────────┼────────┤
│ 0014_migration_source_parity.sql                      │ ✅     │
├───────────────────────────────────────────────────────┼────────┤
│ 0015_payment_operation_token.sql                      │ ✅     │
├───────────────────────────────────────────────────────┼────────┤
│ 0016_payment_operation_token_scope.sql                │ ✅     │
├───────────────────────────────────────────────────────┼────────┤
│ 0017_reporting_indexes.sql                            │ ✅     │
├───────────────────────────────────────────────────────┼────────┤
│ 0018_agent_mutation_provenance.sql                    │ ✅     │
├───────────────────────────────────────────────────────┼────────┤
│ 0019_billing_reconciliation.sql                       │ ✅     │
├───────────────────────────────────────────────────────┼────────┤
│ 0020_maintenance_impact.sql                           │ ✅     │
├───────────────────────────────────────────────────────┼────────┤
│ 0021_reassignment_remaining_nights.sql                │ ✅     │
├───────────────────────────────────────────────────────┼────────┤
│ 0022_room_state_dimensions.sql                        │ 🕒️    │
├───────────────────────────────────────────────────────┼────────┤
│ 0023_room_state_command_guards.sql                    │ 🕒️    │
├───────────────────────────────────────────────────────┼────────┤
│ 0024_reassignment_interval_room_versions.sql          │ 🕒️    │
├───────────────────────────────────────────────────────┼────────┤
│ 0025_segmented_stay_pricing.sql                       │ 🕒️    │
├───────────────────────────────────────────────────────┼────────┤
│ 0026_active_stay_pricing_bootstrap_shadow.sql         │ 🕒️    │
├───────────────────────────────────────────────────────┼────────┤
│ 0027_active_stay_bootstrap_segment_snapshot_guard.sql │ 🕒️    │
├───────────────────────────────────────────────────────┼────────┤
│ 0028_checkout_settlement_guard.sql                    │ 🕒️    │
├───────────────────────────────────────────────────────┼────────┤
│ 0029_reservation_creation_recovery.sql                │ 🕒️    │
├───────────────────────────────────────────────────────┼────────┤
│ 0030_extra_charge_operation_identity.sql              │ 🕒️    │
└───────────────────────────────────────────────────────┴────────┘
🌀 Executing on local database HOTEL_SECOND_DB (00000000-0000-0000-0000-000000000003) from ../../../../../tmp/tmp.3J9jDuCSfk/state/v3/d1:
🌀 To execute on your remote database, add a --remote flag to your wrangler command.
🚣 5 commands executed successfully.
┌───────────────────────────────────────────────────────┬────────┐
│ name                                                  │ status │
├───────────────────────────────────────────────────────┼────────┤
│ 0001_foundation.sql                                   │ ✅     │
├───────────────────────────────────────────────────────┼────────┤
│ 0002_rooms_guests_holds.sql                           │ ✅     │
├───────────────────────────────────────────────────────┼────────┤
│ 0003_bookings.sql                                     │ ✅     │
├───────────────────────────────────────────────────────┼────────┤
│ 0004_booking_claim_fk.sql                             │ ✅     │
├───────────────────────────────────────────────────────┼────────┤
│ 0005_reception_lifecycle.sql                          │ ✅     │
├───────────────────────────────────────────────────────┼────────┤
│ 0006_lifecycle_transition_guards.sql                  │ ✅     │
├───────────────────────────────────────────────────────┼────────┤
│ 0007_lifecycle_atomic_guards.sql                      │ ✅     │
├───────────────────────────────────────────────────────┼────────┤
│ 0008_lifecycle_domain_parity.sql                      │ ✅     │
├───────────────────────────────────────────────────────┼────────┤
│ 0009_housekeeping_maintenance.sql                     │ ✅     │
├───────────────────────────────────────────────────────┼────────┤
│ 0010_billing.sql                                      │ ✅     │
├───────────────────────────────────────────────────────┼────────┤
│ 0011_cash_closure_audit.sql                           │ ✅     │
├───────────────────────────────────────────────────────┼────────┤
│ 0012_cash_closure_operation_token.sql                 │ ✅     │
├───────────────────────────────────────────────────────┼────────┤
│ 0013_noshow_reporting_parity.sql                      │ ✅     │
├───────────────────────────────────────────────────────┼────────┤
│ 0014_migration_source_parity.sql                      │ ✅     │
├───────────────────────────────────────────────────────┼────────┤
│ 0015_payment_operation_token.sql                      │ ✅     │
├───────────────────────────────────────────────────────┼────────┤
│ 0016_payment_operation_token_scope.sql                │ ✅     │
├───────────────────────────────────────────────────────┼────────┤
│ 0017_reporting_indexes.sql                            │ ✅     │
├───────────────────────────────────────────────────────┼────────┤
│ 0018_agent_mutation_provenance.sql                    │ ✅     │
├───────────────────────────────────────────────────────┼────────┤
│ 0019_billing_reconciliation.sql                       │ ✅     │
├───────────────────────────────────────────────────────┼────────┤
│ 0020_maintenance_impact.sql                           │ ✅     │
├───────────────────────────────────────────────────────┼────────┤
│ 0021_reassignment_remaining_nights.sql                │ ✅     │
├───────────────────────────────────────────────────────┼────────┤
│ 0022_room_state_dimensions.sql                        │ ✅     │
├───────────────────────────────────────────────────────┼────────┤
│ 0023_room_state_command_guards.sql                    │ 🕒️    │
├───────────────────────────────────────────────────────┼────────┤
│ 0024_reassignment_interval_room_versions.sql          │ 🕒️    │
├───────────────────────────────────────────────────────┼────────┤
│ 0025_segmented_stay_pricing.sql                       │ 🕒️    │
├───────────────────────────────────────────────────────┼────────┤
│ 0026_active_stay_pricing_bootstrap_shadow.sql         │ 🕒️    │
├───────────────────────────────────────────────────────┼────────┤
│ 0027_active_stay_bootstrap_segment_snapshot_guard.sql │ 🕒️    │
├───────────────────────────────────────────────────────┼────────┤
│ 0028_checkout_settlement_guard.sql                    │ 🕒️    │
├───────────────────────────────────────────────────────┼────────┤
│ 0029_reservation_creation_recovery.sql                │ 🕒️    │
├───────────────────────────────────────────────────────┼────────┤
│ 0030_extra_charge_operation_identity.sql              │ 🕒️    │
└───────────────────────────────────────────────────────┴────────┘
🌀 Executing on local database HOTEL_SECOND_DB (00000000-0000-0000-0000-000000000003) from ../../../../../tmp/tmp.3J9jDuCSfk/state/v3/d1:
🌀 To execute on your remote database, add a --remote flag to your wrangler command.
🚣 7 commands executed successfully.
┌───────────────────────────────────────────────────────┬────────┐
│ name                                                  │ status │
├───────────────────────────────────────────────────────┼────────┤
│ 0001_foundation.sql                                   │ ✅     │
├───────────────────────────────────────────────────────┼────────┤
│ 0002_rooms_guests_holds.sql                           │ ✅     │
├───────────────────────────────────────────────────────┼────────┤
│ 0003_bookings.sql                                     │ ✅     │
├───────────────────────────────────────────────────────┼────────┤
│ 0004_booking_claim_fk.sql                             │ ✅     │
├───────────────────────────────────────────────────────┼────────┤
│ 0005_reception_lifecycle.sql                          │ ✅     │
├───────────────────────────────────────────────────────┼────────┤
│ 0006_lifecycle_transition_guards.sql                  │ ✅     │
├───────────────────────────────────────────────────────┼────────┤
│ 0007_lifecycle_atomic_guards.sql                      │ ✅     │
├───────────────────────────────────────────────────────┼────────┤
│ 0008_lifecycle_domain_parity.sql                      │ ✅     │
├───────────────────────────────────────────────────────┼────────┤
│ 0009_housekeeping_maintenance.sql                     │ ✅     │
├───────────────────────────────────────────────────────┼────────┤
│ 0010_billing.sql                                      │ ✅     │
├───────────────────────────────────────────────────────┼────────┤
│ 0011_cash_closure_audit.sql                           │ ✅     │
├───────────────────────────────────────────────────────┼────────┤
│ 0012_cash_closure_operation_token.sql                 │ ✅     │
├───────────────────────────────────────────────────────┼────────┤
│ 0013_noshow_reporting_parity.sql                      │ ✅     │
├───────────────────────────────────────────────────────┼────────┤
│ 0014_migration_source_parity.sql                      │ ✅     │
├───────────────────────────────────────────────────────┼────────┤
│ 0015_payment_operation_token.sql                      │ ✅     │
├───────────────────────────────────────────────────────┼────────┤
│ 0016_payment_operation_token_scope.sql                │ ✅     │
├───────────────────────────────────────────────────────┼────────┤
│ 0017_reporting_indexes.sql                            │ ✅     │
├───────────────────────────────────────────────────────┼────────┤
│ 0018_agent_mutation_provenance.sql                    │ ✅     │
├───────────────────────────────────────────────────────┼────────┤
│ 0019_billing_reconciliation.sql                       │ ✅     │
├───────────────────────────────────────────────────────┼────────┤
│ 0020_maintenance_impact.sql                           │ ✅     │
├───────────────────────────────────────────────────────┼────────┤
│ 0021_reassignment_remaining_nights.sql                │ ✅     │
├───────────────────────────────────────────────────────┼────────┤
│ 0022_room_state_dimensions.sql                        │ ✅     │
├───────────────────────────────────────────────────────┼────────┤
│ 0023_room_state_command_guards.sql                    │ ✅     │
├───────────────────────────────────────────────────────┼────────┤
│ 0024_reassignment_interval_room_versions.sql          │ 🕒️    │
├───────────────────────────────────────────────────────┼────────┤
│ 0025_segmented_stay_pricing.sql                       │ 🕒️    │
├───────────────────────────────────────────────────────┼────────┤
│ 0026_active_stay_pricing_bootstrap_shadow.sql         │ 🕒️    │
├───────────────────────────────────────────────────────┼────────┤
│ 0027_active_stay_bootstrap_segment_snapshot_guard.sql │ 🕒️    │
├───────────────────────────────────────────────────────┼────────┤
│ 0028_checkout_settlement_guard.sql                    │ 🕒️    │
├───────────────────────────────────────────────────────┼────────┤
│ 0029_reservation_creation_recovery.sql                │ 🕒️    │
├───────────────────────────────────────────────────────┼────────┤
│ 0030_extra_charge_operation_identity.sql              │ 🕒️    │
└───────────────────────────────────────────────────────┴────────┘
🌀 Executing on local database HOTEL_SECOND_DB (00000000-0000-0000-0000-000000000003) from ../../../../../tmp/tmp.3J9jDuCSfk/state/v3/d1:
🌀 To execute on your remote database, add a --remote flag to your wrangler command.
🚣 23 commands executed successfully.
┌───────────────────────────────────────────────────────┬────────┐
│ name                                                  │ status │
├───────────────────────────────────────────────────────┼────────┤
│ 0001_foundation.sql                                   │ ✅     │
├───────────────────────────────────────────────────────┼────────┤
│ 0002_rooms_guests_holds.sql                           │ ✅     │
├───────────────────────────────────────────────────────┼────────┤
│ 0003_bookings.sql                                     │ ✅     │
├───────────────────────────────────────────────────────┼────────┤
│ 0004_booking_claim_fk.sql                             │ ✅     │
├───────────────────────────────────────────────────────┼────────┤
│ 0005_reception_lifecycle.sql                          │ ✅     │
├───────────────────────────────────────────────────────┼────────┤
│ 0006_lifecycle_transition_guards.sql                  │ ✅     │
├───────────────────────────────────────────────────────┼────────┤
│ 0007_lifecycle_atomic_guards.sql                      │ ✅     │
├───────────────────────────────────────────────────────┼────────┤
│ 0008_lifecycle_domain_parity.sql                      │ ✅     │
├───────────────────────────────────────────────────────┼────────┤
│ 0009_housekeeping_maintenance.sql                     │ ✅     │
├───────────────────────────────────────────────────────┼────────┤
│ 0010_billing.sql                                      │ ✅     │
├───────────────────────────────────────────────────────┼────────┤
│ 0011_cash_closure_audit.sql                           │ ✅     │
├───────────────────────────────────────────────────────┼────────┤
│ 0012_cash_closure_operation_token.sql                 │ ✅     │
├───────────────────────────────────────────────────────┼────────┤
│ 0013_noshow_reporting_parity.sql                      │ ✅     │
├───────────────────────────────────────────────────────┼────────┤
│ 0014_migration_source_parity.sql                      │ ✅     │
├───────────────────────────────────────────────────────┼────────┤
│ 0015_payment_operation_token.sql                      │ ✅     │
├───────────────────────────────────────────────────────┼────────┤
│ 0016_payment_operation_token_scope.sql                │ ✅     │
├───────────────────────────────────────────────────────┼────────┤
│ 0017_reporting_indexes.sql                            │ ✅     │
├───────────────────────────────────────────────────────┼────────┤
│ 0018_agent_mutation_provenance.sql                    │ ✅     │
├───────────────────────────────────────────────────────┼────────┤
│ 0019_billing_reconciliation.sql                       │ ✅     │
├───────────────────────────────────────────────────────┼────────┤
│ 0020_maintenance_impact.sql                           │ ✅     │
├───────────────────────────────────────────────────────┼────────┤
│ 0021_reassignment_remaining_nights.sql                │ ✅     │
├───────────────────────────────────────────────────────┼────────┤
│ 0022_room_state_dimensions.sql                        │ ✅     │
├───────────────────────────────────────────────────────┼────────┤
│ 0023_room_state_command_guards.sql                    │ ✅     │
├───────────────────────────────────────────────────────┼────────┤
│ 0024_reassignment_interval_room_versions.sql          │ ✅     │
├───────────────────────────────────────────────────────┼────────┤
│ 0025_segmented_stay_pricing.sql                       │ 🕒️    │
├───────────────────────────────────────────────────────┼────────┤
│ 0026_active_stay_pricing_bootstrap_shadow.sql         │ 🕒️    │
├───────────────────────────────────────────────────────┼────────┤
│ 0027_active_stay_bootstrap_segment_snapshot_guard.sql │ 🕒️    │
├───────────────────────────────────────────────────────┼────────┤
│ 0028_checkout_settlement_guard.sql                    │ 🕒️    │
├───────────────────────────────────────────────────────┼────────┤
│ 0029_reservation_creation_recovery.sql                │ 🕒️    │
├───────────────────────────────────────────────────────┼────────┤
│ 0030_extra_charge_operation_identity.sql              │ 🕒️    │
└───────────────────────────────────────────────────────┴────────┘
🌀 Executing on local database HOTEL_SECOND_DB (00000000-0000-0000-0000-000000000003) from ../../../../../tmp/tmp.3J9jDuCSfk/state/v3/d1:
🌀 To execute on your remote database, add a --remote flag to your wrangler command.
🚣 23 commands executed successfully.
┌───────────────────────────────────────────────────────┬────────┐
│ name                                                  │ status │
├───────────────────────────────────────────────────────┼────────┤
│ 0001_foundation.sql                                   │ ✅     │
├───────────────────────────────────────────────────────┼────────┤
│ 0002_rooms_guests_holds.sql                           │ ✅     │
├───────────────────────────────────────────────────────┼────────┤
│ 0003_bookings.sql                                     │ ✅     │
├───────────────────────────────────────────────────────┼────────┤
│ 0004_booking_claim_fk.sql                             │ ✅     │
├───────────────────────────────────────────────────────┼────────┤
│ 0005_reception_lifecycle.sql                          │ ✅     │
├───────────────────────────────────────────────────────┼────────┤
│ 0006_lifecycle_transition_guards.sql                  │ ✅     │
├───────────────────────────────────────────────────────┼────────┤
│ 0007_lifecycle_atomic_guards.sql                      │ ✅     │
├───────────────────────────────────────────────────────┼────────┤
│ 0008_lifecycle_domain_parity.sql                      │ ✅     │
├───────────────────────────────────────────────────────┼────────┤
│ 0009_housekeeping_maintenance.sql                     │ ✅     │
├───────────────────────────────────────────────────────┼────────┤
│ 0010_billing.sql                                      │ ✅     │
├───────────────────────────────────────────────────────┼────────┤
│ 0011_cash_closure_audit.sql                           │ ✅     │
├───────────────────────────────────────────────────────┼────────┤
│ 0012_cash_closure_operation_token.sql                 │ ✅     │
├───────────────────────────────────────────────────────┼────────┤
│ 0013_noshow_reporting_parity.sql                      │ ✅     │
├───────────────────────────────────────────────────────┼────────┤
│ 0014_migration_source_parity.sql                      │ ✅     │
├───────────────────────────────────────────────────────┼────────┤
│ 0015_payment_operation_token.sql                      │ ✅     │
├───────────────────────────────────────────────────────┼────────┤
│ 0016_payment_operation_token_scope.sql                │ ✅     │
├───────────────────────────────────────────────────────┼────────┤
│ 0017_reporting_indexes.sql                            │ ✅     │
├───────────────────────────────────────────────────────┼────────┤
│ 0018_agent_mutation_provenance.sql                    │ ✅     │
├───────────────────────────────────────────────────────┼────────┤
│ 0019_billing_reconciliation.sql                       │ ✅     │
├───────────────────────────────────────────────────────┼────────┤
│ 0020_maintenance_impact.sql                           │ ✅     │
├───────────────────────────────────────────────────────┼────────┤
│ 0021_reassignment_remaining_nights.sql                │ ✅     │
├───────────────────────────────────────────────────────┼────────┤
│ 0022_room_state_dimensions.sql                        │ ✅     │
├───────────────────────────────────────────────────────┼────────┤
│ 0023_room_state_command_guards.sql                    │ ✅     │
├───────────────────────────────────────────────────────┼────────┤
│ 0024_reassignment_interval_room_versions.sql          │ ✅     │
├───────────────────────────────────────────────────────┼────────┤
│ 0025_segmented_stay_pricing.sql                       │ ✅     │
├───────────────────────────────────────────────────────┼────────┤
│ 0026_active_stay_pricing_bootstrap_shadow.sql         │ 🕒️    │
├───────────────────────────────────────────────────────┼────────┤
│ 0027_active_stay_bootstrap_segment_snapshot_guard.sql │ 🕒️    │
├───────────────────────────────────────────────────────┼────────┤
│ 0028_checkout_settlement_guard.sql                    │ 🕒️    │
├───────────────────────────────────────────────────────┼────────┤
│ 0029_reservation_creation_recovery.sql                │ 🕒️    │
├───────────────────────────────────────────────────────┼────────┤
│ 0030_extra_charge_operation_identity.sql              │ 🕒️    │
└───────────────────────────────────────────────────────┴────────┘
🌀 Executing on local database HOTEL_SECOND_DB (00000000-0000-0000-0000-000000000003) from ../../../../../tmp/tmp.3J9jDuCSfk/state/v3/d1:
🌀 To execute on your remote database, add a --remote flag to your wrangler command.
🚣 30 commands executed successfully.
┌───────────────────────────────────────────────────────┬────────┐
│ name                                                  │ status │
├───────────────────────────────────────────────────────┼────────┤
│ 0001_foundation.sql                                   │ ✅     │
├───────────────────────────────────────────────────────┼────────┤
│ 0002_rooms_guests_holds.sql                           │ ✅     │
├───────────────────────────────────────────────────────┼────────┤
│ 0003_bookings.sql                                     │ ✅     │
├───────────────────────────────────────────────────────┼────────┤
│ 0004_booking_claim_fk.sql                             │ ✅     │
├───────────────────────────────────────────────────────┼────────┤
│ 0005_reception_lifecycle.sql                          │ ✅     │
├───────────────────────────────────────────────────────┼────────┤
│ 0006_lifecycle_transition_guards.sql                  │ ✅     │
├───────────────────────────────────────────────────────┼────────┤
│ 0007_lifecycle_atomic_guards.sql                      │ ✅     │
├───────────────────────────────────────────────────────┼────────┤
│ 0008_lifecycle_domain_parity.sql                      │ ✅     │
├───────────────────────────────────────────────────────┼────────┤
│ 0009_housekeeping_maintenance.sql                     │ ✅     │
├───────────────────────────────────────────────────────┼────────┤
│ 0010_billing.sql                                      │ ✅     │
├───────────────────────────────────────────────────────┼────────┤
│ 0011_cash_closure_audit.sql                           │ ✅     │
├───────────────────────────────────────────────────────┼────────┤
│ 0012_cash_closure_operation_token.sql                 │ ✅     │
├───────────────────────────────────────────────────────┼────────┤
│ 0013_noshow_reporting_parity.sql                      │ ✅     │
├───────────────────────────────────────────────────────┼────────┤
│ 0014_migration_source_parity.sql                      │ ✅     │
├───────────────────────────────────────────────────────┼────────┤
│ 0015_payment_operation_token.sql                      │ ✅     │
├───────────────────────────────────────────────────────┼────────┤
│ 0016_payment_operation_token_scope.sql                │ ✅     │
├───────────────────────────────────────────────────────┼────────┤
│ 0017_reporting_indexes.sql                            │ ✅     │
├───────────────────────────────────────────────────────┼────────┤
│ 0018_agent_mutation_provenance.sql                    │ ✅     │
├───────────────────────────────────────────────────────┼────────┤
│ 0019_billing_reconciliation.sql                       │ ✅     │
├───────────────────────────────────────────────────────┼────────┤
│ 0020_maintenance_impact.sql                           │ ✅     │
├───────────────────────────────────────────────────────┼────────┤
│ 0021_reassignment_remaining_nights.sql                │ ✅     │
├───────────────────────────────────────────────────────┼────────┤
│ 0022_room_state_dimensions.sql                        │ ✅     │
├───────────────────────────────────────────────────────┼────────┤
│ 0023_room_state_command_guards.sql                    │ ✅     │
├───────────────────────────────────────────────────────┼────────┤
│ 0024_reassignment_interval_room_versions.sql          │ ✅     │
├───────────────────────────────────────────────────────┼────────┤
│ 0025_segmented_stay_pricing.sql                       │ ✅     │
├───────────────────────────────────────────────────────┼────────┤
│ 0026_active_stay_pricing_bootstrap_shadow.sql         │ ✅     │
├───────────────────────────────────────────────────────┼────────┤
│ 0027_active_stay_bootstrap_segment_snapshot_guard.sql │ 🕒️    │
├───────────────────────────────────────────────────────┼────────┤
│ 0028_checkout_settlement_guard.sql                    │ 🕒️    │
├───────────────────────────────────────────────────────┼────────┤
│ 0029_reservation_creation_recovery.sql                │ 🕒️    │
├───────────────────────────────────────────────────────┼────────┤
│ 0030_extra_charge_operation_identity.sql              │ 🕒️    │
└───────────────────────────────────────────────────────┴────────┘
🌀 Executing on local database HOTEL_SECOND_DB (00000000-0000-0000-0000-000000000003) from ../../../../../tmp/tmp.3J9jDuCSfk/state/v3/d1:
🌀 To execute on your remote database, add a --remote flag to your wrangler command.
🚣 2 commands executed successfully.
┌───────────────────────────────────────────────────────┬────────┐
│ name                                                  │ status │
├───────────────────────────────────────────────────────┼────────┤
│ 0001_foundation.sql                                   │ ✅     │
├───────────────────────────────────────────────────────┼────────┤
│ 0002_rooms_guests_holds.sql                           │ ✅     │
├───────────────────────────────────────────────────────┼────────┤
│ 0003_bookings.sql                                     │ ✅     │
├───────────────────────────────────────────────────────┼────────┤
│ 0004_booking_claim_fk.sql                             │ ✅     │
├───────────────────────────────────────────────────────┼────────┤
│ 0005_reception_lifecycle.sql                          │ ✅     │
├───────────────────────────────────────────────────────┼────────┤
│ 0006_lifecycle_transition_guards.sql                  │ ✅     │
├───────────────────────────────────────────────────────┼────────┤
│ 0007_lifecycle_atomic_guards.sql                      │ ✅     │
├───────────────────────────────────────────────────────┼────────┤
│ 0008_lifecycle_domain_parity.sql                      │ ✅     │
├───────────────────────────────────────────────────────┼────────┤
│ 0009_housekeeping_maintenance.sql                     │ ✅     │
├───────────────────────────────────────────────────────┼────────┤
│ 0010_billing.sql                                      │ ✅     │
├───────────────────────────────────────────────────────┼────────┤
│ 0011_cash_closure_audit.sql                           │ ✅     │
├───────────────────────────────────────────────────────┼────────┤
│ 0012_cash_closure_operation_token.sql                 │ ✅     │
├───────────────────────────────────────────────────────┼────────┤
│ 0013_noshow_reporting_parity.sql                      │ ✅     │
├───────────────────────────────────────────────────────┼────────┤
│ 0014_migration_source_parity.sql                      │ ✅     │
├───────────────────────────────────────────────────────┼────────┤
│ 0015_payment_operation_token.sql                      │ ✅     │
├───────────────────────────────────────────────────────┼────────┤
│ 0016_payment_operation_token_scope.sql                │ ✅     │
├───────────────────────────────────────────────────────┼────────┤
│ 0017_reporting_indexes.sql                            │ ✅     │
├───────────────────────────────────────────────────────┼────────┤
│ 0018_agent_mutation_provenance.sql                    │ ✅     │
├───────────────────────────────────────────────────────┼────────┤
│ 0019_billing_reconciliation.sql                       │ ✅     │
├───────────────────────────────────────────────────────┼────────┤
│ 0020_maintenance_impact.sql                           │ ✅     │
├───────────────────────────────────────────────────────┼────────┤
│ 0021_reassignment_remaining_nights.sql                │ ✅     │
├───────────────────────────────────────────────────────┼────────┤
│ 0022_room_state_dimensions.sql                        │ ✅     │
├───────────────────────────────────────────────────────┼────────┤
│ 0023_room_state_command_guards.sql                    │ ✅     │
├───────────────────────────────────────────────────────┼────────┤
│ 0024_reassignment_interval_room_versions.sql          │ ✅     │
├───────────────────────────────────────────────────────┼────────┤
│ 0025_segmented_stay_pricing.sql                       │ ✅     │
├───────────────────────────────────────────────────────┼────────┤
│ 0026_active_stay_pricing_bootstrap_shadow.sql         │ ✅     │
├───────────────────────────────────────────────────────┼────────┤
│ 0027_active_stay_bootstrap_segment_snapshot_guard.sql │ ✅     │
├───────────────────────────────────────────────────────┼────────┤
│ 0028_checkout_settlement_guard.sql                    │ 🕒️    │
├───────────────────────────────────────────────────────┼────────┤
│ 0029_reservation_creation_recovery.sql                │ 🕒️    │
├───────────────────────────────────────────────────────┼────────┤
│ 0030_extra_charge_operation_identity.sql              │ 🕒️    │
└───────────────────────────────────────────────────────┴────────┘
🌀 Executing on local database HOTEL_SECOND_DB (00000000-0000-0000-0000-000000000003) from ../../../../../tmp/tmp.3J9jDuCSfk/state/v3/d1:
🌀 To execute on your remote database, add a --remote flag to your wrangler command.
🚣 3 commands executed successfully.
┌───────────────────────────────────────────────────────┬────────┐
│ name                                                  │ status │
├───────────────────────────────────────────────────────┼────────┤
│ 0001_foundation.sql                                   │ ✅     │
├───────────────────────────────────────────────────────┼────────┤
│ 0002_rooms_guests_holds.sql                           │ ✅     │
├───────────────────────────────────────────────────────┼────────┤
│ 0003_bookings.sql                                     │ ✅     │
├───────────────────────────────────────────────────────┼────────┤
│ 0004_booking_claim_fk.sql                             │ ✅     │
├───────────────────────────────────────────────────────┼────────┤
│ 0005_reception_lifecycle.sql                          │ ✅     │
├───────────────────────────────────────────────────────┼────────┤
│ 0006_lifecycle_transition_guards.sql                  │ ✅     │
├───────────────────────────────────────────────────────┼────────┤
│ 0007_lifecycle_atomic_guards.sql                      │ ✅     │
├───────────────────────────────────────────────────────┼────────┤
│ 0008_lifecycle_domain_parity.sql                      │ ✅     │
├───────────────────────────────────────────────────────┼────────┤
│ 0009_housekeeping_maintenance.sql                     │ ✅     │
├───────────────────────────────────────────────────────┼────────┤
│ 0010_billing.sql                                      │ ✅     │
├───────────────────────────────────────────────────────┼────────┤
│ 0011_cash_closure_audit.sql                           │ ✅     │
├───────────────────────────────────────────────────────┼────────┤
│ 0012_cash_closure_operation_token.sql                 │ ✅     │
├───────────────────────────────────────────────────────┼────────┤
│ 0013_noshow_reporting_parity.sql                      │ ✅     │
├───────────────────────────────────────────────────────┼────────┤
│ 0014_migration_source_parity.sql                      │ ✅     │
├───────────────────────────────────────────────────────┼────────┤
│ 0015_payment_operation_token.sql                      │ ✅     │
├───────────────────────────────────────────────────────┼────────┤
│ 0016_payment_operation_token_scope.sql                │ ✅     │
├───────────────────────────────────────────────────────┼────────┤
│ 0017_reporting_indexes.sql                            │ ✅     │
├───────────────────────────────────────────────────────┼────────┤
│ 0018_agent_mutation_provenance.sql                    │ ✅     │
├───────────────────────────────────────────────────────┼────────┤
│ 0019_billing_reconciliation.sql                       │ ✅     │
├───────────────────────────────────────────────────────┼────────┤
│ 0020_maintenance_impact.sql                           │ ✅     │
├───────────────────────────────────────────────────────┼────────┤
│ 0021_reassignment_remaining_nights.sql                │ ✅     │
├───────────────────────────────────────────────────────┼────────┤
│ 0022_room_state_dimensions.sql                        │ ✅     │
├───────────────────────────────────────────────────────┼────────┤
│ 0023_room_state_command_guards.sql                    │ ✅     │
├───────────────────────────────────────────────────────┼────────┤
│ 0024_reassignment_interval_room_versions.sql          │ ✅     │
├───────────────────────────────────────────────────────┼────────┤
│ 0025_segmented_stay_pricing.sql                       │ ✅     │
├───────────────────────────────────────────────────────┼────────┤
│ 0026_active_stay_pricing_bootstrap_shadow.sql         │ ✅     │
├───────────────────────────────────────────────────────┼────────┤
│ 0027_active_stay_bootstrap_segment_snapshot_guard.sql │ ✅     │
├───────────────────────────────────────────────────────┼────────┤
│ 0028_checkout_settlement_guard.sql                    │ ✅     │
├───────────────────────────────────────────────────────┼────────┤
│ 0029_reservation_creation_recovery.sql                │ 🕒️    │
├───────────────────────────────────────────────────────┼────────┤
│ 0030_extra_charge_operation_identity.sql              │ 🕒️    │
└───────────────────────────────────────────────────────┴────────┘
🌀 Executing on local database HOTEL_SECOND_DB (00000000-0000-0000-0000-000000000003) from ../../../../../tmp/tmp.3J9jDuCSfk/state/v3/d1:
🌀 To execute on your remote database, add a --remote flag to your wrangler command.
🚣 12 commands executed successfully.
┌───────────────────────────────────────────────────────┬────────┐
│ name                                                  │ status │
├───────────────────────────────────────────────────────┼────────┤
│ 0001_foundation.sql                                   │ ✅     │
├───────────────────────────────────────────────────────┼────────┤
│ 0002_rooms_guests_holds.sql                           │ ✅     │
├───────────────────────────────────────────────────────┼────────┤
│ 0003_bookings.sql                                     │ ✅     │
├───────────────────────────────────────────────────────┼────────┤
│ 0004_booking_claim_fk.sql                             │ ✅     │
├───────────────────────────────────────────────────────┼────────┤
│ 0005_reception_lifecycle.sql                          │ ✅     │
├───────────────────────────────────────────────────────┼────────┤
│ 0006_lifecycle_transition_guards.sql                  │ ✅     │
├───────────────────────────────────────────────────────┼────────┤
│ 0007_lifecycle_atomic_guards.sql                      │ ✅     │
├───────────────────────────────────────────────────────┼────────┤
│ 0008_lifecycle_domain_parity.sql                      │ ✅     │
├───────────────────────────────────────────────────────┼────────┤
│ 0009_housekeeping_maintenance.sql                     │ ✅     │
├───────────────────────────────────────────────────────┼────────┤
│ 0010_billing.sql                                      │ ✅     │
├───────────────────────────────────────────────────────┼────────┤
│ 0011_cash_closure_audit.sql                           │ ✅     │
├───────────────────────────────────────────────────────┼────────┤
│ 0012_cash_closure_operation_token.sql                 │ ✅     │
├───────────────────────────────────────────────────────┼────────┤
│ 0013_noshow_reporting_parity.sql                      │ ✅     │
├───────────────────────────────────────────────────────┼────────┤
│ 0014_migration_source_parity.sql                      │ ✅     │
├───────────────────────────────────────────────────────┼────────┤
│ 0015_payment_operation_token.sql                      │ ✅     │
├───────────────────────────────────────────────────────┼────────┤
│ 0016_payment_operation_token_scope.sql                │ ✅     │
├───────────────────────────────────────────────────────┼────────┤
│ 0017_reporting_indexes.sql                            │ ✅     │
├───────────────────────────────────────────────────────┼────────┤
│ 0018_agent_mutation_provenance.sql                    │ ✅     │
├───────────────────────────────────────────────────────┼────────┤
│ 0019_billing_reconciliation.sql                       │ ✅     │
├───────────────────────────────────────────────────────┼────────┤
│ 0020_maintenance_impact.sql                           │ ✅     │
├───────────────────────────────────────────────────────┼────────┤
│ 0021_reassignment_remaining_nights.sql                │ ✅     │
├───────────────────────────────────────────────────────┼────────┤
│ 0022_room_state_dimensions.sql                        │ ✅     │
├───────────────────────────────────────────────────────┼────────┤
│ 0023_room_state_command_guards.sql                    │ ✅     │
├───────────────────────────────────────────────────────┼────────┤
│ 0024_reassignment_interval_room_versions.sql          │ ✅     │
├───────────────────────────────────────────────────────┼────────┤
│ 0025_segmented_stay_pricing.sql                       │ ✅     │
├───────────────────────────────────────────────────────┼────────┤
│ 0026_active_stay_pricing_bootstrap_shadow.sql         │ ✅     │
├───────────────────────────────────────────────────────┼────────┤
│ 0027_active_stay_bootstrap_segment_snapshot_guard.sql │ ✅     │
├───────────────────────────────────────────────────────┼────────┤
│ 0028_checkout_settlement_guard.sql                    │ ✅     │
├───────────────────────────────────────────────────────┼────────┤
│ 0029_reservation_creation_recovery.sql                │ ✅     │
├───────────────────────────────────────────────────────┼────────┤
│ 0030_extra_charge_operation_identity.sql              │ 🕒️    │
└───────────────────────────────────────────────────────┴────────┘
🌀 Executing on local database HOTEL_SECOND_DB (00000000-0000-0000-0000-000000000003) from ../../../../../tmp/tmp.3J9jDuCSfk/state/v3/d1:
🌀 To execute on your remote database, add a --remote flag to your wrangler command.
🚣 6 commands executed successfully.
┌───────────────────────────────────────────────────────┬────────┐
│ name                                                  │ status │
├───────────────────────────────────────────────────────┼────────┤
│ 0001_foundation.sql                                   │ ✅     │
├───────────────────────────────────────────────────────┼────────┤
│ 0002_rooms_guests_holds.sql                           │ ✅     │
├───────────────────────────────────────────────────────┼────────┤
│ 0003_bookings.sql                                     │ ✅     │
├───────────────────────────────────────────────────────┼────────┤
│ 0004_booking_claim_fk.sql                             │ ✅     │
├───────────────────────────────────────────────────────┼────────┤
│ 0005_reception_lifecycle.sql                          │ ✅     │
├───────────────────────────────────────────────────────┼────────┤
│ 0006_lifecycle_transition_guards.sql                  │ ✅     │
├───────────────────────────────────────────────────────┼────────┤
│ 0007_lifecycle_atomic_guards.sql                      │ ✅     │
├───────────────────────────────────────────────────────┼────────┤
│ 0008_lifecycle_domain_parity.sql                      │ ✅     │
├───────────────────────────────────────────────────────┼────────┤
│ 0009_housekeeping_maintenance.sql                     │ ✅     │
├───────────────────────────────────────────────────────┼────────┤
│ 0010_billing.sql                                      │ ✅     │
├───────────────────────────────────────────────────────┼────────┤
│ 0011_cash_closure_audit.sql                           │ ✅     │
├───────────────────────────────────────────────────────┼────────┤
│ 0012_cash_closure_operation_token.sql                 │ ✅     │
├───────────────────────────────────────────────────────┼────────┤
│ 0013_noshow_reporting_parity.sql                      │ ✅     │
├───────────────────────────────────────────────────────┼────────┤
│ 0014_migration_source_parity.sql                      │ ✅     │
├───────────────────────────────────────────────────────┼────────┤
│ 0015_payment_operation_token.sql                      │ ✅     │
├───────────────────────────────────────────────────────┼────────┤
│ 0016_payment_operation_token_scope.sql                │ ✅     │
├───────────────────────────────────────────────────────┼────────┤
│ 0017_reporting_indexes.sql                            │ ✅     │
├───────────────────────────────────────────────────────┼────────┤
│ 0018_agent_mutation_provenance.sql                    │ ✅     │
├───────────────────────────────────────────────────────┼────────┤
│ 0019_billing_reconciliation.sql                       │ ✅     │
├───────────────────────────────────────────────────────┼────────┤
│ 0020_maintenance_impact.sql                           │ ✅     │
├───────────────────────────────────────────────────────┼────────┤
│ 0021_reassignment_remaining_nights.sql                │ ✅     │
├───────────────────────────────────────────────────────┼────────┤
│ 0022_room_state_dimensions.sql                        │ ✅     │
├───────────────────────────────────────────────────────┼────────┤
│ 0023_room_state_command_guards.sql                    │ ✅     │
├───────────────────────────────────────────────────────┼────────┤
│ 0024_reassignment_interval_room_versions.sql          │ ✅     │
├───────────────────────────────────────────────────────┼────────┤
│ 0025_segmented_stay_pricing.sql                       │ ✅     │
├───────────────────────────────────────────────────────┼────────┤
│ 0026_active_stay_pricing_bootstrap_shadow.sql         │ ✅     │
├───────────────────────────────────────────────────────┼────────┤
│ 0027_active_stay_bootstrap_segment_snapshot_guard.sql │ ✅     │
├───────────────────────────────────────────────────────┼────────┤
│ 0028_checkout_settlement_guard.sql                    │ ✅     │
├───────────────────────────────────────────────────────┼────────┤
│ 0029_reservation_creation_recovery.sql                │ ✅     │
├───────────────────────────────────────────────────────┼────────┤
│ 0030_extra_charge_operation_identity.sql              │ ✅     │
└───────────────────────────────────────────────────────┴────────┘

 ⛅️ wrangler 4.125.0 (update available 4.143.0)
───────────────────────────────────────────────
Resource location: local

Use --remote if you want to access the remote instance.

🌀 Executing on local database CONTROL_DB (00000000-0000-0000-0000-000000000001) from ../../../../../tmp/tmp.3J9jDuCSfk/state/v3/d1:
🌀 To execute on your remote database, add a --remote flag to your wrangler command.
🚣 4 commands executed successfully.
[
  {
    "results": [],
    "success": true,
    "meta": {
      "duration": 1
    }
  },
  {
    "results": [],
    "success": true,
    "meta": {
      "duration": 0
    }
  },
  {
    "results": [],
    "success": true,
    "meta": {
      "duration": 0
    }
  },
  {
    "results": [],
    "success": true,
    "meta": {
      "duration": 1
    }
  }
]

 ⛅️ wrangler 4.125.0 (update available 4.143.0)
───────────────────────────────────────────────
Resource location: local

Use --remote if you want to access the remote instance.

🌀 Executing on local database HOTEL_DEMO_DB (00000000-0000-0000-0000-000000000002) from ../../../../../tmp/tmp.3J9jDuCSfk/state/v3/d1:
🌀 To execute on your remote database, add a --remote flag to your wrangler command.
🚣 7 commands executed successfully.
[
  {
    "results": [],
    "success": true,
    "meta": {
      "duration": 1
    }
  },
  {
    "results": [],
    "success": true,
    "meta": {
      "duration": 1
    }
  },
  {
    "results": [],
    "success": true,
    "meta": {
      "duration": 0
    }
  },
  {
    "results": [],
    "success": true,
    "meta": {
      "duration": 1
    }
  },
  {
    "results": [],
    "success": true,
    "meta": {
      "duration": 1
    }
  },
  {
    "results": [],
    "success": true,
    "meta": {
      "duration": 0
    }
  },
  {
    "results": [],
    "success": true,
    "meta": {
      "duration": 0
    }
  }
]

 ⛅️ wrangler 4.125.0 (update available 4.143.0)
───────────────────────────────────────────────
Resource location: local

Use --remote if you want to access the remote instance.

🌀 Executing on local database HOTEL_SECOND_DB (00000000-0000-0000-0000-000000000003) from ../../../../../tmp/tmp.3J9jDuCSfk/state/v3/d1:
🌀 To execute on your remote database, add a --remote flag to your wrangler command.
🚣 2 commands executed successfully.
[
  {
    "results": [],
    "success": true,
    "meta": {
      "duration": 3
    }
  },
  {
    "results": [],
    "success": true,
    "meta": {
      "duration": 1
    }
  }
]
